"const uint8_t MASK[16] = { 0xB1, 0x34, 0x39, 0xB2, 0x73, 0xA7, 0xE7, 0x3C, 0x91, 0x1E, 0x6D, 0x84, 0x47, 0xE9, 0xC0, 0xE8 };"
"const uint8_t FINAL_MASK[16] = { 0x3C, 0x4D, 0x9F, 0xCB, 0x78, 0xE3, 0x9C, 0xCA, 0x62, 0x78, 0xAD, 0xC5, 0x07, 0x84, 0xE7, 0x27 };"
"const uint8_t MASK[16] = { 0xDF, 0x21, 0xCD, 0x86, 0xAD, 0x15, 0x05, 0x57, 0x18, 0xE4, 0x4A, 0xE9, 0x0F, 0x15, 0x23, 0x00 };"
"const uint8_t FINAL_MASK[16] = { 0xC3, 0xD5, 0x6C, 0xF5, 0xC2, 0x2D, 0xB3, 0xAF, 0x08, 0xEF, 0xE5, 0x0F, 0x12, 0xC7, 0xE4, 0xA0 };"
"const uint8_t MASK[16] = { 0xF2, 0x32, 0x94, 0xE0, 0x3E, 0x00, 0xAA, 0x30, 0x96, 0x2A, 0xA0, 0x1A, 0xD7, 0x0B, 0xDA, 0x43 };"
"const uint8_t FINAL_MASK[16] = { 0xF8, 0x9B, 0xC1, 0xFB, 0xE7, 0xBE, 0xBB, 0xFE, 0x08, 0xFE, 0xA4, 0x95, 0x75, 0xA3, 0x84, 0x3C };"
"const uint8_t MASK[16] = { 0xE0, 0x29, 0x9A, 0x55, 0x3E, 0x35, 0xF8, 0x41, 0xB7, 0xAC, 0x97, 0x7F, 0xA9, 0x75, 0x21, 0x56 };"
"const uint8_t FINAL_MASK[16] = { 0xDC, 0x1A, 0xC1, 0xE2, 0xF6, 0xE1, 0x26, 0xD4, 0x90, 0x61, 0x38, 0x92, 0xC2, 0xE8, 0xAA, 0xE8 };"
"const uint8_t MASK[16] = { 0x49, 0x18, 0x9E, 0x0F, 0x10, 0xAA, 0xC6, 0x6A, 0x25, 0x06, 0x60, 0x86, 0xF8, 0x00, 0xCD, 0x6E };"
"const uint8_t FINAL_MASK[16] = { 0xB3, 0x6D, 0xF8, 0xA8, 0xC8, 0xFE, 0x90, 0x4C, 0xE7, 0xC6, 0x30, 0x84, 0xA0, 0x62, 0x17, 0x12 };"
"const uint8_t MASK[16] = { 0xD6, 0xCD, 0xCB, 0x11, 0x81, 0xD9, 0x94, 0xA2, 0x1F, 0xDC, 0x9B, 0x9C, 0x73, 0x37, 0x7D, 0xC5 };"
"const uint8_t FINAL_MASK[16] = { 0xB1, 0xBB, 0x06, 0xCC, 0x12, 0xA6, 0xB2, 0x4E, 0x34, 0x21, 0x76, 0x33, 0x05, 0x1F, 0x3A, 0x4D };"
"const uint8_t MASK[16] = { 0x1D, 0xA1, 0xC8, 0x12, 0xDA, 0x0F, 0x5C, 0x07, 0xCE, 0x23, 0xF4, 0x16, 0x62, 0x5D, 0x5F, 0xAF };"
"const uint8_t FINAL_MASK[16] = { 0x03, 0xEC, 0x14, 0x38, 0x0B, 0x86, 0xDD, 0x3B, 0xE5, 0xD9, 0xBF, 0xD1, 0x91, 0xAA, 0x60, 0x66 };"
"const uint8_t MASK[16] = { 0xED, 0x30, 0x26, 0x71, 0xA3, 0xBB, 0x3C, 0x2D, 0x15, 0xE9, 0x3D, 0x0F, 0x92, 0x01, 0x86, 0xD3 };"
"const uint8_t FINAL_MASK[16] = { 0x9F, 0xDE, 0xF4, 0xF4, 0xD0, 0x10, 0x43, 0x13, 0x84, 0x52, 0x81, 0xAE, 0x20, 0x1E, 0x16, 0x48 };"
"const uint8_t MASK[16] = { 0xCE, 0xB9, 0xC0, 0xA2, 0xEF, 0xF7, 0x92, 0x6D, 0xCE, 0x12, 0x49, 0xB3, 0x4D, 0x7D, 0x34, 0x75 };"
"const uint8_t FINAL_MASK[16] = { 0x1E, 0x4B, 0xD5, 0xFE, 0x61, 0x8F, 0x9F, 0x24, 0x4E, 0x84, 0xE7, 0x52, 0xE2, 0x0D, 0x7C, 0xC1 };"
"const uint8_t MASK[16] = { 0xE5, 0x43, 0xD8, 0xCE, 0x24, 0xDE, 0x9E, 0xF6, 0x08, 0xE0, 0xCA, 0x80, 0x2C, 0xE4, 0x91, 0x4B };"
"const uint8_t FINAL_MASK[16] = { 0x9E, 0x77, 0xBE, 0x5E, 0xBF, 0x4F, 0xFE, 0x0E, 0x9F, 0x6C, 0xCF, 0x20, 0xDB, 0xF9, 0x80, 0x31 };"
"const uint8_t MASK[16] = { 0x3A, 0xAD, 0x58, 0xED, 0x5A, 0xB8, 0xA5, 0xF2, 0xE1, 0xF2, 0x94, 0x8D, 0x1A, 0x41, 0x5D, 0xF3 };"
"const uint8_t FINAL_MASK[16] = { 0xD6, 0xC1, 0x16, 0xE3, 0xB9, 0x8C, 0xF5, 0x95, 0xD2, 0xB6, 0x2E, 0xA3, 0xD5, 0x5F, 0x2B, 0x09 };"
"const uint8_t MASK[16] = { 0x70, 0x43, 0xA7, 0x37, 0xDA, 0xBE, 0x6E, 0xE1, 0x32, 0x78, 0xBC, 0xEA, 0x0F, 0xAB, 0x69, 0xD9 };"
"const uint8_t FINAL_MASK[16] = { 0x8D, 0x77, 0x26, 0x38, 0xFD, 0x58, 0x1B, 0xB8, 0x7A, 0xA7, 0x99, 0x5C, 0x31, 0x1E, 0xE5, 0x02 };"
"const uint8_t MASK[16] = { 0xB6, 0x9B, 0x7E, 0x3E, 0x7E, 0x25, 0x44, 0x4E, 0x54, 0xB5, 0x20, 0x6D, 0x49, 0x32, 0x41, 0x21 };"
"const uint8_t FINAL_MASK[16] = { 0x0B, 0x04, 0x59, 0xF4, 0xB3, 0x7A, 0x6E, 0xBF, 0x90, 0xC2, 0x07, 0xB5, 0x31, 0x01, 0xE4, 0x32 };"
"const uint8_t MASK[16] = { 0x24, 0x7E, 0x83, 0x32, 0x8D, 0x8D, 0xB5, 0x63, 0x9E, 0xE7, 0x23, 0xBF, 0xBE, 0x79, 0xB8, 0x3E };"
"const uint8_t FINAL_MASK[16] = { 0x12, 0xF0, 0x50, 0x0A, 0xE8, 0xC3, 0x90, 0xAE, 0x85, 0xF9, 0xA3, 0x0F, 0x44, 0x8C, 0x24, 0x9D };"
"const uint8_t MASK[16] = { 0xAC, 0x39, 0x24, 0xC5, 0x01, 0x52, 0x1E, 0xB9, 0x5B, 0x5E, 0x00, 0x32, 0x73, 0xDD, 0x20, 0x53 };"
"const uint8_t FINAL_MASK[16] = { 0x18, 0x00, 0x6B, 0x23, 0xCA, 0x95, 0x9B, 0xAD, 0x78, 0x62, 0xB9, 0x8E, 0xAE, 0x53, 0x64, 0x75 };"
"const uint8_t MASK[16] = { 0xE9, 0x5B, 0x41, 0x5C, 0x1C, 0xE1, 0xF6, 0x2E, 0x86, 0x97, 0x71, 0x52, 0x81, 0x97, 0x18, 0xB1 };"
"const uint8_t FINAL_MASK[16] = { 0xD3, 0x21, 0x73, 0x61, 0x9A, 0xF4, 0xE9, 0xE0, 0x87, 0x9B, 0xB7, 0x72, 0xA3, 0x7D, 0x48, 0x74 };"
"const uint8_t MASK[16] = { 0x73, 0xD6, 0xE6, 0x49, 0x8D, 0xBC, 0x5B, 0x79, 0xD5, 0xA2, 0x40, 0xF2, 0x67, 0x65, 0x38, 0xCF };"
"const uint8_t FINAL_MASK[16] = { 0xBD, 0x74, 0xF7, 0x3F, 0xB8, 0x9B, 0xB9, 0x78, 0x61, 0x2B, 0x1A, 0x2C, 0xA7, 0x55, 0xFC, 0x3D };"
"const uint8_t MASK[16] = { 0xE6, 0xAB, 0x4B, 0x7E, 0x16, 0x47, 0x20, 0xBE, 0x95, 0x21, 0x01, 0x06, 0xC4, 0xD9, 0x88, 0xEF };"
"const uint8_t FINAL_MASK[16] = { 0xCD, 0xF0, 0x11, 0xE4, 0xEA, 0x11, 0xEC, 0xC7, 0x5B, 0xA6, 0xE4, 0x5F, 0xA9, 0xD9, 0xB0, 0x1E };"
"const uint8_t MASK[16] = { 0xB1, 0xDB, 0x92, 0x42, 0x3E, 0xD2, 0xC9, 0xE4, 0x37, 0x78, 0x20, 0xB7, 0xB1, 0xAC, 0x8D, 0x4A };"
"const uint8_t FINAL_MASK[16] = { 0x5A, 0xD3, 0xDD, 0x3E, 0x19, 0x5E, 0x16, 0x68, 0xA5, 0x3F, 0x41, 0x6C, 0x81, 0xAF, 0xE0, 0x45 };"
"const uint8_t MASK[16] = { 0x06, 0xFB, 0x40, 0xAE, 0xBC, 0xD8, 0xB1, 0xF2, 0x0D, 0xF0, 0xDE, 0xBA, 0x62, 0x15, 0xBF, 0xAC };"
"const uint8_t FINAL_MASK[16] = { 0x92, 0x87, 0x97, 0x71, 0x9C, 0x03, 0x6C, 0x02, 0x53, 0x1A, 0x66, 0xD3, 0x71, 0x35, 0xD9, 0x69 };"
"const uint8_t MASK[16] = { 0x7B, 0xD5, 0x2A, 0x7A, 0x17, 0x7C, 0xA9, 0x88, 0xCC, 0xEC, 0x46, 0x76, 0xEF, 0xBB, 0x15, 0xE5 };"
"const uint8_t FINAL_MASK[16] = { 0xB7, 0x45, 0xF5, 0x8B, 0x76, 0x97, 0xEB, 0xF7, 0xE2, 0xE1, 0x66, 0x25, 0xA4, 0x3B, 0x90, 0xFB };"
"const uint8_t MASK[16] = { 0xAE, 0x63, 0x4B, 0x41, 0x6A, 0x9B, 0x47, 0x5D, 0x41, 0x61, 0x6F, 0x08, 0x9E, 0x4C, 0x92, 0x3F };"
"const uint8_t FINAL_MASK[16] = { 0x0C, 0x99, 0x0F, 0x2F, 0x4F, 0x73, 0x77, 0xCF, 0x7C, 0x83, 0x3B, 0x8F, 0x0A, 0x9C, 0x90, 0x48 };"
"const uint8_t MASK[16] = { 0x48, 0x23, 0x48, 0xDA, 0x64, 0xBC, 0x93, 0x2A, 0x82, 0x36, 0xE5, 0xE9, 0x56, 0x44, 0x0A, 0xFA };"
"const uint8_t FINAL_MASK[16] = { 0xC3, 0xEB, 0xBE, 0x04, 0xB7, 0x9A, 0x68, 0xAD, 0x14, 0x51, 0xBB, 0xA3, 0xA3, 0x58, 0xAC, 0xF7 };"
"const uint8_t MASK[16] = { 0xE8, 0x58, 0xBD, 0x1E, 0x61, 0xEB, 0x01, 0x56, 0x2F, 0xC9, 0x77, 0xD6, 0x14, 0xC1, 0xCB, 0x06 };"
"const uint8_t FINAL_MASK[16] = { 0x31, 0x62, 0xAE, 0x80, 0x56, 0xF7, 0x45, 0xDF, 0xED, 0xAC, 0x6F, 0x84, 0xEC, 0xE2, 0x52, 0x56 };"
"const uint8_t MASK[16] = { 0x62, 0x88, 0x00, 0xFA, 0xB9, 0x8C, 0xB1, 0x64, 0x2D, 0xA0, 0x45, 0xE3, 0x8B, 0xC6, 0x03, 0x30 };"
"const uint8_t FINAL_MASK[16] = { 0x50, 0xE9, 0x44, 0xEF, 0x54, 0x62, 0x6E, 0xA5, 0x08, 0x66, 0xD9, 0xAC, 0x6A, 0x50, 0x27, 0x05 };"
"const uint8_t MASK[16] = { 0x6F, 0x53, 0xF9, 0x29, 0xCE, 0x4D, 0xCF, 0xAB, 0x5F, 0x01, 0x39, 0x0A, 0x3A, 0xDE, 0xC8, 0x5D };"
"const uint8_t FINAL_MASK[16] = { 0x88, 0x10, 0x0D, 0x3B, 0xCB, 0xC4, 0x6A, 0x15, 0x73, 0x4B, 0x6C, 0xA7, 0x7D, 0x36, 0x9B, 0x08 };"
"const uint8_t MASK[16] = { 0xED, 0x6A, 0xE7, 0xBE, 0xFD, 0x91, 0xE8, 0x6D, 0xBC, 0xED, 0x69, 0xC6, 0xC5, 0x07, 0x0F, 0xCC };"
"const uint8_t FINAL_MASK[16] = { 0x4B, 0x63, 0x1B, 0x67, 0x7C, 0xED, 0xAF, 0xE7, 0x9A, 0x9A, 0x31, 0x14, 0xA9, 0xD0, 0x36, 0x33 };"
"const uint8_t MASK[16] = { 0x06, 0x96, 0xCA, 0x80, 0xE2, 0x52, 0xFB, 0x47, 0x40, 0x04, 0xA8, 0x10, 0x44, 0xA4, 0x5E, 0xAC };"
"const uint8_t FINAL_MASK[16] = { 0x42, 0x95, 0xCE, 0x52, 0x68, 0xDC, 0x93, 0x1D, 0x72, 0xD3, 0xBF, 0xED, 0xFC, 0x92, 0x2A, 0xF5 };"
"const uint8_t MASK[16] = { 0x54, 0xAB, 0x74, 0xB4, 0x92, 0xED, 0xED, 0xD8, 0xBB, 0x64, 0x02, 0xBD, 0x00, 0x31, 0x05, 0x69 };"
"const uint8_t FINAL_MASK[16] = { 0xFF, 0xE2, 0xFE, 0x3F, 0x47, 0x40, 0xA8, 0x3A, 0x60, 0xD3, 0xEB, 0x84, 0x6C, 0x09, 0xFC, 0x4C };"
"const uint8_t MASK[16] = { 0xE3, 0x3D, 0x88, 0x13, 0xE0, 0x99, 0xCB, 0x94, 0x36, 0xB1, 0x9A, 0x35, 0xC4, 0xCA, 0x20, 0xD6 };"
"const uint8_t FINAL_MASK[16] = { 0x26, 0x28, 0xE7, 0xCB, 0xFF, 0x23, 0xD5, 0xFB, 0x05, 0xDF, 0x26, 0xFC, 0x3C, 0xA6, 0xA2, 0xD0 };"
"const uint8_t MASK[16] = { 0x79, 0xFC, 0x90, 0xDD, 0x9B, 0x11, 0x2C, 0xE3, 0x9C, 0x4E, 0x93, 0x71, 0xB0, 0x8E, 0xE8, 0x6F };"
"const uint8_t FINAL_MASK[16] = { 0x6E, 0x0A, 0x54, 0xFF, 0xAD, 0x95, 0x24, 0x02, 0x91, 0x21, 0x34, 0xD3, 0x35, 0xDF, 0x19, 0x85 };"
"const uint8_t MASK[16] = { 0x80, 0x2E, 0x36, 0x49, 0x31, 0x85, 0x17, 0x49, 0x60, 0xE1, 0x3D, 0xD2, 0x09, 0x75, 0xB8, 0x01 };"
"const uint8_t FINAL_MASK[16] = { 0x60, 0xD6, 0x5C, 0x8E, 0xF9, 0x09, 0x33, 0xBA, 0x3B, 0x9E, 0x1F, 0xA4, 0xE8, 0x11, 0x42, 0x5D };"
"const uint8_t MASK[16] = { 0x32, 0xD5, 0xFB, 0x8F, 0xFD, 0x69, 0x43, 0xF5, 0x69, 0xBF, 0xFA, 0xA5, 0x25, 0xD2, 0x77, 0xAE };"
"const uint8_t FINAL_MASK[16] = { 0xE4, 0x51, 0xCF, 0x66, 0x1C, 0x9F, 0xBB, 0x45, 0x6F, 0xAA, 0x75, 0x36, 0xF6, 0x44, 0x5D, 0x06 };"
"const uint8_t MASK[16] = { 0x1D, 0xD1, 0xE9, 0x5A, 0x85, 0xF5, 0x57, 0x1F, 0x11, 0x62, 0xE2, 0x58, 0x9B, 0xE7, 0xA8, 0x5D };"
"const uint8_t FINAL_MASK[16] = { 0x0D, 0x2B, 0x85, 0x34, 0x49, 0x39, 0xD1, 0x40, 0x78, 0x99, 0x0B, 0x22, 0x06, 0x57, 0xFD, 0x47 };"
"const uint8_t MASK[16] = { 0xF2, 0xD1, 0x22, 0xB3, 0xA0, 0xCE, 0x53, 0x3C, 0x08, 0x37, 0x74, 0xDC, 0xE9, 0x4B, 0x7C, 0x30 };"
"const uint8_t FINAL_MASK[16] = { 0x67, 0xAA, 0xE2, 0xD5, 0xBD, 0x3C, 0xDD, 0x08, 0xC2, 0x24, 0x48, 0x5B, 0x0B, 0xCD, 0x16, 0xCB };"
"const uint8_t MASK[16] = { 0x97, 0x32, 0xCD, 0x2F, 0x47, 0xE1, 0xC2, 0x17, 0xC5, 0x12, 0x40, 0xDE, 0xC2, 0x3B, 0x52, 0x32 };"
"const uint8_t FINAL_MASK[16] = { 0xDF, 0x67, 0x9D, 0xEB, 0xF9, 0x9D, 0xC9, 0x0F, 0xF7, 0xC7, 0x10, 0x18, 0x52, 0xD7, 0x85, 0x11 };"
"const uint8_t MASK[16] = { 0x48, 0xD6, 0xB7, 0xC8, 0x95, 0x83, 0x6C, 0x64, 0xEA, 0x56, 0x31, 0x52, 0x35, 0x14, 0xA4, 0x48 };"
"const uint8_t FINAL_MASK[16] = { 0x45, 0x7C, 0x84, 0xAD, 0x84, 0xCF, 0x84, 0xF6, 0xF5, 0x8F, 0x89, 0xAE, 0x06, 0x9E, 0xEB, 0xF2 };"
"const uint8_t MASK[16] = { 0xB5, 0xA3, 0x9E, 0x58, 0x49, 0x6D, 0x5B, 0xAD, 0x9B, 0x56, 0xCE, 0x9E, 0x98, 0xBE, 0xEB, 0x2C };"
"const uint8_t FINAL_MASK[16] = { 0x5A, 0x1C, 0xFD, 0xD1, 0x68, 0x04, 0xDA, 0x57, 0xCD, 0xAC, 0x8C, 0xD4, 0xD8, 0x0E, 0x72, 0x61 };"
"const uint8_t MASK[16] = { 0xF1, 0x74, 0x98, 0xB6, 0x85, 0xF8, 0x6C, 0xC4, 0xB8, 0x0F, 0x72, 0x32, 0xE8, 0xCE, 0x4A, 0x21 };"
"const uint8_t FINAL_MASK[16] = { 0x91, 0xB2, 0x2F, 0x15, 0x31, 0x6F, 0x88, 0xE7, 0xBA, 0xA8, 0x93, 0x6F, 0x35, 0xC1, 0x5A, 0x6E };"
"const uint8_t MASK[16] = { 0x55, 0x20, 0xD9, 0x9B, 0x8A, 0x9A, 0x19, 0xD1, 0x83, 0xEC, 0x6A, 0xCE, 0x6F, 0x34, 0x83, 0x92 };"
"const uint8_t FINAL_MASK[16] = { 0x05, 0xE8, 0x55, 0x2B, 0xBE, 0xA3, 0x72, 0xD1, 0x8F, 0x59, 0xDE, 0x1A, 0x02, 0xD0, 0x7B, 0xCB };"
"const uint8_t MASK[16] = { 0xCA, 0xF1, 0x13, 0x75, 0x83, 0x33, 0xD5, 0x30, 0x0A, 0xBC, 0x21, 0x45, 0xEB, 0x3A, 0x6D, 0x4C };"
"const uint8_t FINAL_MASK[16] = { 0xC4, 0x4B, 0xB5, 0x99, 0x68, 0xBE, 0x32, 0xAB, 0x06, 0x81, 0x25, 0x6B, 0x17, 0x51, 0xCA, 0x38 };"
"const uint8_t MASK[16] = { 0x8D, 0xFD, 0x4E, 0x0C, 0x0B, 0xE3, 0xD5, 0xC3, 0x4B, 0xD9, 0xFE, 0x84, 0x16, 0x45, 0x53, 0xA3 };"
"const uint8_t FINAL_MASK[16] = { 0x2A, 0x54, 0xE1, 0xD5, 0xDB, 0xE2, 0x73, 0x8D, 0x78, 0x2E, 0xEC, 0xA5, 0xB7, 0x1B, 0x62, 0xB9 };"
"const uint8_t MASK[16] = { 0xD5, 0x40, 0x25, 0xA7, 0x0A, 0xC5, 0x41, 0x76, 0x6A, 0x1D, 0x01, 0x40, 0x5F, 0x42, 0xD6, 0x91 };"
"const uint8_t FINAL_MASK[16] = { 0xAE, 0xC0, 0x11, 0x6C, 0x7C, 0x7D, 0xE2, 0x7D, 0x38, 0xA8, 0x5B, 0x83, 0x65, 0x14, 0xDF, 0x29 };"
"const uint8_t MASK[16] = { 0xD7, 0x7A, 0x20, 0xFC, 0x4E, 0x86, 0x4F, 0x05, 0xBF, 0x91, 0x91, 0xEE, 0x04, 0x27, 0x1F, 0x12 };"
"const uint8_t FINAL_MASK[16] = { 0x27, 0xD0, 0xA8, 0xEF, 0xAA, 0x07, 0xFC, 0xF7, 0x7B, 0x70, 0x07, 0x41, 0xB8, 0xC3, 0xA8, 0x79 };"
"const uint8_t MASK[16] = { 0xFD, 0x0C, 0x86, 0xA6, 0xFB, 0xD3, 0xB9, 0x4E, 0xC6, 0xDC, 0xC7, 0xB5, 0xA7, 0x7C, 0xC4, 0x1F };"
"const uint8_t FINAL_MASK[16] = { 0x53, 0x98, 0x84, 0x68, 0x5E, 0x78, 0x21, 0x13, 0x3A, 0x48, 0xE5, 0x72, 0x58, 0x80, 0xD3, 0xFF };"
"const uint8_t MASK[16] = { 0x5D, 0xFB, 0x64, 0x4D, 0x81, 0xD7, 0xA3, 0xE0, 0xCE, 0x7F, 0xDB, 0x31, 0x9F, 0x2F, 0xAD, 0x9F };"
"const uint8_t FINAL_MASK[16] = { 0x5B, 0xA6, 0xAF, 0x07, 0xEF, 0x3B, 0x8D, 0x07, 0xCD, 0x5B, 0x61, 0x8C, 0xA1, 0x0B, 0xBD, 0xD5 };"
"const uint8_t MASK[16] = { 0xC4, 0xB5, 0x38, 0xCD, 0x83, 0x75, 0xAA, 0x21, 0x07, 0x83, 0x8A, 0x84, 0x65, 0x2B, 0x6A, 0xCA };"
"const uint8_t FINAL_MASK[16] = { 0x52, 0xA4, 0xC9, 0x26, 0x25, 0x5A, 0xB9, 0xAB, 0x1F, 0x02, 0x8C, 0x65, 0xBC, 0xDF, 0x44, 0x51 };"
"const uint8_t MASK[16] = { 0xA2, 0xA1, 0xF3, 0x24, 0xA6, 0x7C, 0x9E, 0xE1, 0xA7, 0x49, 0x4E, 0xA1, 0x6A, 0xAF, 0xF9, 0xEB };"
"const uint8_t FINAL_MASK[16] = { 0x5E, 0x4F, 0x17, 0x9D, 0xB4, 0x0C, 0x85, 0x90, 0x39, 0x10, 0xFC, 0x53, 0xC8, 0x24, 0x4F, 0x94 };"
"const uint8_t MASK[16] = { 0xF0, 0x8A, 0x3B, 0x79, 0x46, 0xB5, 0x6E, 0x96, 0x17, 0xAE, 0xD6, 0x51, 0xEE, 0xC1, 0x84, 0xD9 };"
"const uint8_t FINAL_MASK[16] = { 0x95, 0xB3, 0xD4, 0xB0, 0xDA, 0x4D, 0x78, 0xEB, 0x27, 0x14, 0x10, 0x43, 0xBF, 0x01, 0x29, 0xF9 };"
"const uint8_t MASK[16] = { 0x8C, 0x61, 0xC4, 0x0A, 0x7F, 0x4B, 0xE6, 0x13, 0x01, 0x22, 0xE2, 0x67, 0xAD, 0x4B, 0x87, 0x7F };"
"const uint8_t FINAL_MASK[16] = { 0x12, 0xE5, 0x52, 0xDF, 0xC6, 0xEC, 0xC4, 0x5C, 0xD2, 0xCA, 0xA2, 0x96, 0x53, 0x6D, 0x74, 0xB7 };"
"const uint8_t MASK[16] = { 0xE6, 0x78, 0x73, 0x06, 0x88, 0xF4, 0xFC, 0xA8, 0x8C, 0x3B, 0x85, 0xCA, 0x2A, 0x79, 0xBB, 0x58 };"
"const uint8_t FINAL_MASK[16] = { 0xB5, 0xD1, 0x34, 0x03, 0xE9, 0x83, 0x65, 0x28, 0x82, 0xA8, 0xEF, 0xEC, 0xCA, 0xE2, 0xBD, 0x84 };"
"const uint8_t MASK[16] = { 0x52, 0xF3, 0x84, 0x2E, 0xC9, 0xBF, 0x11, 0x2B, 0xBA, 0x57, 0xE9, 0x16, 0xA6, 0xF6, 0x65, 0x43 };"
"const uint8_t FINAL_MASK[16] = { 0xA5, 0x79, 0xBC, 0x3D, 0xE7, 0x32, 0xB2, 0x69, 0x15, 0xB7, 0x12, 0x22, 0x65, 0x1D, 0x8E, 0x89 };"
"const uint8_t MASK[16] = { 0x27, 0x1A, 0x5F, 0xDE, 0xDD, 0x5F, 0x99, 0xBB, 0x90, 0xB9, 0x6B, 0x13, 0x6B, 0x12, 0xA0, 0x35 };"
"const uint8_t FINAL_MASK[16] = { 0xDE, 0x5F, 0x28, 0xC0, 0x07, 0x74, 0xE5, 0xF9, 0x4B, 0x9B, 0x00, 0x95, 0x96, 0x28, 0x00, 0x6D };"
"const uint8_t MASK[16] = { 0xA4, 0xF5, 0xA9, 0x1A, 0x31, 0xF9, 0x09, 0x1F, 0xBC, 0x6D, 0x90, 0x75, 0x87, 0x9F, 0x16, 0x6C };"
"const uint8_t FINAL_MASK[16] = { 0x6E, 0xBC, 0xAF, 0xEE, 0x08, 0x08, 0xD5, 0x6A, 0xAE, 0x40, 0x5C, 0xB2, 0x6D, 0x5B, 0x42, 0xCF };"
"const uint8_t MASK[16] = { 0xB0, 0xE1, 0x6A, 0x2E, 0x51, 0x03, 0xE4, 0x29, 0x5F, 0x04, 0xAA, 0x35, 0x9B, 0x88, 0xD2, 0x9F };"
"const uint8_t FINAL_MASK[16] = { 0xD4, 0xB7, 0x9E, 0xCE, 0x02, 0x3D, 0x5B, 0x8D, 0xA6, 0xF3, 0x23, 0x8D, 0x92, 0x23, 0x5E, 0x65 };"
"const uint8_t MASK[16] = { 0xC3, 0x32, 0x14, 0xEA, 0x9B, 0x8C, 0xB1, 0x40, 0x56, 0x78, 0x7B, 0x75, 0xA4, 0xFD, 0x95, 0xA5 };"
"const uint8_t FINAL_MASK[16] = { 0x75, 0xF3, 0xAB, 0x10, 0x6C, 0xB4, 0xEF, 0x7E, 0xC6, 0xE3, 0xCD, 0xCF, 0xFD, 0x53, 0x27, 0x86 };"
"const uint8_t MASK[16] = { 0x78, 0x42, 0x53, 0x2F, 0x63, 0xBD, 0x98, 0x4E, 0xD1, 0x57, 0xE8, 0xC1, 0xD8, 0xBC, 0x87, 0x36 };"
"const uint8_t FINAL_MASK[16] = { 0x50, 0x31, 0xEB, 0x11, 0x85, 0xF5, 0x9F, 0x03, 0xE3, 0xFA, 0xFD, 0x80, 0x4D, 0x53, 0xDB, 0xAE };"
"const uint8_t MASK[16] = { 0xCC, 0xBC, 0x99, 0xA5, 0x08, 0x71, 0x40, 0xDC, 0x93, 0xEF, 0xBB, 0xB5, 0x3E, 0x73, 0xDF, 0x15 };"
"const uint8_t FINAL_MASK[16] = { 0x3F, 0xA3, 0xA2, 0x9A, 0xE8, 0x31, 0x95, 0x19, 0x6B, 0x38, 0x33, 0x16, 0x22, 0xDC, 0x86, 0x19 };"
"const uint8_t MASK[16] = { 0x78, 0x73, 0x96, 0xB1, 0x97, 0x1D, 0x0A, 0xA6, 0x19, 0x5F, 0xC2, 0x8E, 0xC7, 0x23, 0xC3, 0x08 };"
"const uint8_t FINAL_MASK[16] = { 0xEB, 0x02, 0x40, 0x78, 0xE3, 0x63, 0x3A, 0xE5, 0xEC, 0xED, 0xF6, 0x8F, 0x2F, 0x1A, 0x19, 0xCF };"
"const uint8_t MASK[16] = { 0x65, 0x05, 0xD8, 0x4C, 0x1E, 0xCE, 0x85, 0x84, 0x35, 0x2E, 0x02, 0xBF, 0x58, 0x56, 0x9A, 0xE1 };"
"const uint8_t FINAL_MASK[16] = { 0x9B, 0x18, 0xB3, 0xE3, 0xC7, 0xE2, 0x0C, 0x88, 0xFD, 0xE4, 0x2F, 0x2E, 0xB9, 0xC1, 0x5D, 0x6C };"
"const uint8_t MASK[16] = { 0x07, 0x3E, 0xF9, 0x29, 0xE4, 0xC2, 0x45, 0x7E, 0x0A, 0xAD, 0x83, 0x05, 0x17, 0x6A, 0x75, 0xE2 };"
"const uint8_t FINAL_MASK[16] = { 0xCD, 0x30, 0xF7, 0xE5, 0xFF, 0x78, 0x08, 0x02, 0x93, 0x16, 0xC0, 0x00, 0x4C, 0x0E, 0xE0, 0xB5 };"
"const uint8_t MASK[16] = { 0x27, 0x2F, 0xFA, 0x3F, 0x28, 0x5C, 0x59, 0x04, 0x08, 0xBF, 0xAB, 0xE3, 0xFF, 0x0D, 0xD1, 0x19 };"
"const uint8_t FINAL_MASK[16] = { 0xFF, 0xB3, 0x17, 0xF6, 0x22, 0xA3, 0xBC, 0x6A, 0x23, 0xD5, 0x1D, 0x79, 0x18, 0x79, 0xD1, 0xFB };"
"const uint8_t MASK[16] = { 0x19, 0xB9, 0x3D, 0x66, 0x1F, 0x7B, 0x88, 0x15, 0x0E, 0xB9, 0xBB, 0x56, 0x33, 0x46, 0x3D, 0x0B };"
"const uint8_t FINAL_MASK[16] = { 0x9C, 0x42, 0x41, 0xB6, 0xC7, 0x8A, 0x36, 0x19, 0xAA, 0xBD, 0xF2, 0x18, 0x5E, 0x56, 0xBC, 0x23 };"
"const uint8_t MASK[16] = { 0xB7, 0x89, 0x11, 0xF8, 0x43, 0x41, 0x11, 0x04, 0xDA, 0x6C, 0x68, 0xAA, 0x60, 0x23, 0x08, 0xFB };"
"const uint8_t FINAL_MASK[16] = { 0xE8, 0x46, 0xDE, 0x83, 0xD4, 0xFA, 0x8A, 0x3E, 0x37, 0x9E, 0x2B, 0x93, 0x31, 0x45, 0xD4, 0x07 };"
"const uint8_t MASK[16] = { 0x6A, 0xEE, 0xB4, 0x78, 0xE1, 0x1E, 0xA9, 0x34, 0xAE, 0x68, 0x6F, 0x27, 0x08, 0x07, 0x4A, 0xA4 };"
"const uint8_t FINAL_MASK[16] = { 0xAC, 0x29, 0x65, 0x96, 0xA4, 0x2A, 0x4D, 0x30, 0xEC, 0x2A, 0xAF, 0xCD, 0x18, 0xF7, 0x92, 0x2D };"
"const uint8_t MASK[16] = { 0x8C, 0x83, 0x77, 0xCE, 0xB6, 0x84, 0x53, 0x13, 0xB5, 0x9C, 0xCD, 0x4D, 0xD2, 0xF4, 0xA0, 0x65 };"
"const uint8_t FINAL_MASK[16] = { 0x54, 0x15, 0x6B, 0xC5, 0x55, 0x31, 0xD3, 0x9D, 0x62, 0x93, 0x8F, 0x8D, 0x61, 0xF2, 0x5A, 0x51 };"
"const uint8_t MASK[16] = { 0x91, 0x21, 0xF2, 0x03, 0xBA, 0xE3, 0x84, 0x97, 0xBC, 0xB4, 0x2B, 0xF8, 0x43, 0x77, 0xA3, 0x11 };"
"const uint8_t FINAL_MASK[16] = { 0xAF, 0x11, 0x30, 0xC6, 0x67, 0xFF, 0xA2, 0xA9, 0x27, 0xE9, 0x04, 0x3C, 0x1E, 0xE5, 0xAF, 0xD8 };"
"const uint8_t MASK[16] = { 0x5E, 0x58, 0xF0, 0x40, 0x07, 0x3B, 0x9A, 0x39, 0x52, 0x4E, 0x34, 0x81, 0x9E, 0x58, 0xFD, 0xB6 };"
"const uint8_t FINAL_MASK[16] = { 0x41, 0x49, 0xA7, 0xB4, 0x56, 0x6B, 0x50, 0x3B, 0x3A, 0x64, 0x89, 0xDA, 0xBD, 0xD9, 0xCD, 0xE4 };"
"const uint8_t MASK[16] = { 0xA2, 0x04, 0x0F, 0x00, 0xC0, 0x12, 0xC8, 0xEA, 0x7C, 0xB8, 0x3E, 0x4D, 0x25, 0x3E, 0x0F, 0x63 };"
"const uint8_t FINAL_MASK[16] = { 0xF5, 0x6B, 0xE9, 0x54, 0x3B, 0xC8, 0xFD, 0xC1, 0xBE, 0xD5, 0x3E, 0x47, 0xA4, 0x18, 0x6D, 0x21 };"
"const uint8_t MASK[16] = { 0x45, 0xC0, 0x47, 0x53, 0x32, 0x54, 0xBF, 0x1B, 0xFB, 0xBF, 0x35, 0x4A, 0x04, 0xF4, 0x66, 0xE1 };"
"const uint8_t FINAL_MASK[16] = { 0xC4, 0x0E, 0xAD, 0x39, 0xD2, 0x64, 0x17, 0xC0, 0xEC, 0xF8, 0x02, 0xA6, 0x07, 0x06, 0x3C, 0xD4 };"
"const uint8_t MASK[16] = { 0x7A, 0x49, 0x19, 0x25, 0xCB, 0xEA, 0xAC, 0xFD, 0xD8, 0xFE, 0xEE, 0x9C, 0x3C, 0x2B, 0x30, 0xCF };"
"const uint8_t FINAL_MASK[16] = { 0xEB, 0x00, 0x5F, 0xBC, 0xCC, 0xB2, 0x39, 0x0F, 0x50, 0x24, 0x3A, 0x29, 0x1A, 0xFC, 0x99, 0xD6 };"
"const uint8_t MASK[16] = { 0xBB, 0x22, 0xD7, 0x0C, 0xCE, 0xC9, 0x7A, 0x4B, 0xF9, 0xB6, 0xDD, 0x51, 0x14, 0xC1, 0x42, 0xB2 };"
"const uint8_t FINAL_MASK[16] = { 0x06, 0x9C, 0x2C, 0x0F, 0x0C, 0x51, 0xCA, 0x90, 0xB5, 0xA8, 0x7B, 0xC0, 0x33, 0xB8, 0xD4, 0xC7 };"
"const uint8_t MASK[16] = { 0xDB, 0x24, 0x3F, 0xA1, 0xB9, 0x76, 0x6D, 0x47, 0x97, 0x80, 0x7E, 0x73, 0xDB, 0xE8, 0x53, 0x15 };"
"const uint8_t FINAL_MASK[16] = { 0x96, 0xB0, 0x17, 0x7B, 0xAE, 0x7E, 0xA0, 0x4D, 0x8A, 0xB5, 0x3C, 0xF3, 0x97, 0x2F, 0xE2, 0x8F };"
"const uint8_t MASK[16] = { 0xD4, 0x81, 0x04, 0x9F, 0xA4, 0xB2, 0x5B, 0xC9, 0x94, 0x88, 0x1D, 0x1E, 0x3E, 0x47, 0xD8, 0x16 };"
"const uint8_t FINAL_MASK[16] = { 0xD2, 0x94, 0xDE, 0xCE, 0x8E, 0x69, 0x55, 0x7E, 0x05, 0x69, 0x6C, 0x6A, 0xC6, 0x30, 0x90, 0x59 };"
"const uint8_t MASK[16] = { 0xC2, 0xB4, 0xE1, 0x20, 0x41, 0xD8, 0x4B, 0x54, 0x0A, 0xE2, 0x09, 0xF7, 0x0F, 0x19, 0xA7, 0xEC };"
"const uint8_t FINAL_MASK[16] = { 0x99, 0x6F, 0x9A, 0x10, 0xA4, 0x1A, 0xF7, 0xF6, 0x20, 0x74, 0x1D, 0x5D, 0x2B, 0x74, 0x91, 0x3A };"
"const uint8_t MASK[16] = { 0xC4, 0x1D, 0x48, 0xFE, 0x22, 0x75, 0x06, 0x44, 0x45, 0x93, 0x4A, 0xA0, 0x62, 0x5B, 0x90, 0xA0 };"
"const uint8_t FINAL_MASK[16] = { 0x20, 0x99, 0xE8, 0xDE, 0x8C, 0xBA, 0x9E, 0xDE, 0x0E, 0xF1, 0xA0, 0xAF, 0x94, 0xF6, 0x24, 0x58 };"
"const uint8_t MASK[16] = { 0x01, 0x66, 0xFA, 0xD8, 0xD3, 0xEE, 0x65, 0xA4, 0x49, 0x09, 0x88, 0xE2, 0x16, 0x69, 0x47, 0xD1 };"
"const uint8_t FINAL_MASK[16] = { 0x3E, 0x53, 0x93, 0x75, 0xD9, 0x88, 0x6E, 0x89, 0x82, 0xEA, 0x02, 0xA8, 0x92, 0x4D, 0x40, 0x35 };"
"const uint8_t MASK[16] = { 0x73, 0xCD, 0xAC, 0xB5, 0x90, 0x65, 0x3E, 0x88, 0x5D, 0x42, 0x32, 0xE6, 0x14, 0xE2, 0x02, 0x4D };"
"const uint8_t FINAL_MASK[16] = { 0xAD, 0x39, 0x83, 0x9C, 0x05, 0x24, 0x41, 0x09, 0x00, 0x03, 0x83, 0x4A, 0x91, 0xCD, 0xDB, 0xCC };"
"const uint8_t MASK[16] = { 0x6D, 0xEC, 0x87, 0xFF, 0x19, 0x48, 0xE6, 0xB0, 0x21, 0x2C, 0x0B, 0x87, 0xE8, 0x5C, 0x8E, 0xE8 };"
"const uint8_t FINAL_MASK[16] = { 0x24, 0x8B, 0x83, 0x21, 0x2D, 0x6C, 0x84, 0x3D, 0xB4, 0x91, 0x64, 0x45, 0x09, 0xE4, 0xCC, 0x71 };"
"const uint8_t MASK[16] = { 0xE8, 0xE6, 0xAD, 0x74, 0xB3, 0x6A, 0x69, 0x12, 0xDC, 0xEE, 0xCC, 0x80, 0xA9, 0x32, 0x35, 0xC4 };"
"const uint8_t FINAL_MASK[16] = { 0x48, 0x2A, 0xB2, 0xB8, 0xCF, 0x2F, 0x7C, 0xBB, 0x7E, 0x7D, 0xB3, 0xE0, 0xEA, 0xFF, 0x9A, 0x8F };"
"const uint8_t MASK[16] = { 0xA8, 0x68, 0x84, 0xFC, 0x58, 0x7A, 0x9D, 0x12, 0x33, 0x0A, 0xD3, 0xCA, 0x89, 0xDB, 0xBB, 0x3E };"
"const uint8_t FINAL_MASK[16] = { 0x64, 0x57, 0x67, 0xE9, 0x5A, 0x2E, 0x2E, 0xA0, 0xA1, 0x98, 0x91, 0x51, 0x76, 0xE1, 0xB6, 0x88 };"
"const uint8_t MASK[16] = { 0xAA, 0xA2, 0x67, 0xF7, 0xF8, 0x68, 0x62, 0x4A, 0xB2, 0x87, 0x42, 0xCF, 0xAC, 0xB7, 0x3A, 0x69 };"
"const uint8_t FINAL_MASK[16] = { 0xAF, 0x04, 0x3C, 0x92, 0x31, 0xD6, 0xF5, 0xB4, 0x70, 0x1A, 0x53, 0x17, 0xE3, 0xF2, 0x5E, 0xDE };"
"const uint8_t MASK[16] = { 0xB3, 0xEF, 0x8B, 0x9D, 0x8A, 0xC9, 0x42, 0x1E, 0x04, 0x9E, 0xD7, 0x69, 0x76, 0xB5, 0x44, 0x5A };"
"const uint8_t FINAL_MASK[16] = { 0xF4, 0x8C, 0x45, 0x1C, 0xF4, 0xD8, 0x86, 0xF2, 0xE9, 0x4D, 0x62, 0x51, 0xA9, 0x0A, 0xE6, 0x62 };"
"const uint8_t MASK[16] = { 0x39, 0xEC, 0x09, 0x3F, 0x54, 0x6C, 0x23, 0x92, 0x71, 0x53, 0xD8, 0xB8, 0x9F, 0x9C, 0xE9, 0x47 };"
"const uint8_t FINAL_MASK[16] = { 0xC6, 0x1F, 0xAD, 0xB7, 0x48, 0x9D, 0x94, 0x16, 0xA0, 0xDD, 0xB7, 0xFE, 0x40, 0x4C, 0x72, 0x5B };"
"const uint8_t MASK[16] = { 0x96, 0xDB, 0x80, 0xFD, 0xB7, 0x58, 0x33, 0xF0, 0x44, 0x9F, 0xC2, 0x89, 0x81, 0xB6, 0xDC, 0xDD };"
"const uint8_t FINAL_MASK[16] = { 0x27, 0x06, 0x8D, 0x6F, 0xF3, 0x60, 0x4D, 0xA3, 0x13, 0x6E, 0x68, 0x12, 0x28, 0x31, 0x02, 0x2E };"
"const uint8_t MASK[16] = { 0x47, 0x1E, 0x11, 0x36, 0xC4, 0x87, 0x4C, 0x4F, 0xF3, 0xB1, 0x01, 0x81, 0xB8, 0xD9, 0x4E, 0x31 };"
"const uint8_t FINAL_MASK[16] = { 0xB3, 0x77, 0x0D, 0x48, 0xD6, 0x0D, 0xE4, 0x05, 0xE7, 0xDE, 0x11, 0x64, 0xA0, 0xD3, 0xB5, 0x9D };"
"const uint8_t MASK[16] = { 0x2D, 0xFE, 0x35, 0xD5, 0x3F, 0x22, 0x5C, 0x41, 0x7E, 0x9D, 0x45, 0xE3, 0xE3, 0x0D, 0x9E, 0xF8 };"
"const uint8_t FINAL_MASK[16] = { 0xB4, 0xBE, 0xA0, 0xB3, 0xFC, 0xCE, 0xE0, 0xDD, 0x8A, 0x77, 0xE4, 0x87, 0x8E, 0x2A, 0x85, 0x5E };"
"const uint8_t MASK[16] = { 0x55, 0xA4, 0xA6, 0xB8, 0x03, 0xB1, 0x7D, 0x95, 0x57, 0x32, 0x1B, 0xEF, 0x96, 0x90, 0x96, 0xA7 };"
"const uint8_t FINAL_MASK[16] = { 0xE1, 0x75, 0x24, 0xE5, 0x20, 0x40, 0x24, 0x8F, 0x32, 0x99, 0x3A, 0xEF, 0x0A, 0xD5, 0x0F, 0xAB };"
"const uint8_t MASK[16] = { 0x88, 0xD1, 0x92, 0x3C, 0x9E, 0x07, 0x9B, 0x6A, 0x29, 0x6A, 0x56, 0x33, 0x4C, 0x98, 0xF0, 0x38 };"
"const uint8_t FINAL_MASK[16] = { 0x14, 0x6A, 0xD0, 0x31, 0x68, 0xE2, 0x91, 0xC2, 0x77, 0xA2, 0x1C, 0xA6, 0x5A, 0x84, 0xC7, 0x9C };"
"const uint8_t MASK[16] = { 0xA4, 0xC3, 0xBB, 0xB7, 0xA7, 0x0F, 0x8F, 0xE7, 0x23, 0x44, 0xF1, 0x69, 0x59, 0x75, 0xB2, 0x60 };"
"const uint8_t FINAL_MASK[16] = { 0x95, 0xE8, 0xFB, 0x89, 0x36, 0xDB, 0xE2, 0x27, 0x93, 0x5C, 0x09, 0xFD, 0x9B, 0x38, 0x44, 0x52 };"
"const uint8_t MASK[16] = { 0xDE, 0x78, 0x84, 0x2D, 0xCF, 0x15, 0x26, 0x25, 0x78, 0xED, 0xD7, 0x7A, 0x28, 0xA1, 0x74, 0x6A };"
"const uint8_t FINAL_MASK[16] = { 0xFE, 0x4D, 0x46, 0x40, 0x33, 0xA9, 0x47, 0xAC, 0xB5, 0xCD, 0xBA, 0x72, 0xC8, 0x10, 0xF0, 0xE2 };"
"const uint8_t MASK[16] = { 0x55, 0x73, 0x03, 0x01, 0x80, 0x73, 0xAA, 0x4C, 0x68, 0x12, 0x98, 0x18, 0x05, 0x41, 0x49, 0x80 };"
"const uint8_t FINAL_MASK[16] = { 0x3D, 0xF9, 0x5E, 0x5A, 0xD5, 0xF3, 0x99, 0x17, 0xEB, 0x20, 0x30, 0xF8, 0x99, 0xEF, 0x2F, 0x81 };"
"const uint8_t MASK[16] = { 0x49, 0x51, 0x57, 0x43, 0xBE, 0x04, 0xDA, 0x81, 0xA2, 0x13, 0x0F, 0x95, 0x1D, 0xEC, 0x39, 0xFC };"
"const uint8_t FINAL_MASK[16] = { 0x9C, 0x34, 0xD5, 0x57, 0xBC, 0xF9, 0x00, 0x92, 0x8F, 0x2F, 0x1D, 0x4A, 0x66, 0xB9, 0x53, 0xDB };"
"const uint8_t MASK[16] = { 0x20, 0xF2, 0xC4, 0x09, 0x79, 0x53, 0x1B, 0xEC, 0x76, 0xF7, 0x0B, 0xB1, 0xE5, 0x86, 0xC7, 0x7A };"
"const uint8_t FINAL_MASK[16] = { 0x47, 0x79, 0xAE, 0xC6, 0xF5, 0x99, 0x4B, 0x97, 0x5F, 0x30, 0x8D, 0xE4, 0xB5, 0x05, 0x87, 0x52 };"
"const uint8_t MASK[16] = { 0x3B, 0x68, 0xAC, 0x74, 0x4C, 0xFE, 0x4A, 0x04, 0xFA, 0x54, 0x45, 0xCD, 0x69, 0xCE, 0xD8, 0xF7 };"
"const uint8_t FINAL_MASK[16] = { 0x03, 0xB6, 0x92, 0x25, 0x62, 0x6B, 0x44, 0xCD, 0x63, 0x94, 0x0D, 0x53, 0x9D, 0xCD, 0x19, 0xDD };"
"const uint8_t MASK[16] = { 0xB1, 0xE4, 0x3E, 0x43, 0x67, 0xD8, 0x09, 0xE6, 0x78, 0x38, 0x9B, 0xAD, 0x37, 0x98, 0x6E, 0x43 };"
"const uint8_t FINAL_MASK[16] = { 0x31, 0x39, 0x88, 0x2A, 0xFF, 0x55, 0xFB, 0x28, 0x08, 0xEA, 0x6C, 0x95, 0x85, 0x07, 0x18, 0x35 };"
"const uint8_t MASK[16] = { 0x99, 0x0E, 0x56, 0x48, 0x86, 0x4A, 0xF3, 0x16, 0x50, 0x62, 0x98, 0x5B, 0xFB, 0x42, 0x18, 0x4C };"
"const uint8_t FINAL_MASK[16] = { 0x05, 0x70, 0x21, 0xA3, 0x0D, 0xB7, 0x1F, 0xB5, 0x9D, 0xB9, 0xC8, 0xF1, 0x3D, 0x62, 0x21, 0x4B };"
"const uint8_t MASK[16] = { 0xAA, 0x21, 0x7A, 0xEC, 0x48, 0x51, 0x3D, 0xD8, 0xAC, 0xC9, 0xA2, 0x77, 0xD8, 0x75, 0x85, 0x7B };"
"const uint8_t FINAL_MASK[16] = { 0x0B, 0xA7, 0xAE, 0x08, 0x13, 0x0F, 0x4C, 0xBA, 0xE4, 0x20, 0xD2, 0xE3, 0xDC, 0xD9, 0x66, 0x05 };"
"const uint8_t MASK[16] = { 0x8E, 0x41, 0xDC, 0x7C, 0xC1, 0x00, 0x5B, 0x95, 0xA1, 0x81, 0x43, 0xA1, 0x44, 0x69, 0x0B, 0x0E };"
"const uint8_t FINAL_MASK[16] = { 0x24, 0x99, 0xB7, 0x64, 0x0E, 0xFF, 0x4D, 0xA6, 0xF4, 0x41, 0xA5, 0x6A, 0xDB, 0xDF, 0xA9, 0xF6 };"
"const uint8_t MASK[16] = { 0x7D, 0x90, 0x32, 0x99, 0xAD, 0xF6, 0xC7, 0xC1, 0x55, 0xEE, 0xF6, 0x5B, 0xF6, 0xC9, 0xBA, 0x72 };"
"const uint8_t FINAL_MASK[16] = { 0x36, 0xB8, 0xC9, 0x54, 0xB6, 0x26, 0x90, 0x09, 0x0B, 0x78, 0x65, 0x41, 0xD0, 0x38, 0x37, 0xDF };"
"const uint8_t MASK[16] = { 0x98, 0xEC, 0x23, 0xF0, 0x7E, 0x17, 0xF4, 0x41, 0xE9, 0x17, 0x6B, 0xE1, 0xAA, 0x61, 0x3C, 0xC0 };"
"const uint8_t FINAL_MASK[16] = { 0x4B, 0x7C, 0x2A, 0x20, 0xA1, 0x1B, 0xFC, 0x2E, 0x3C, 0xE2, 0xB6, 0xBB, 0x67, 0x0F, 0x0A, 0x9E };"
"const uint8_t MASK[16] = { 0x51, 0xA5, 0x3F, 0x4E, 0x8B, 0x4F, 0xE2, 0x3C, 0xBF, 0xA9, 0xC8, 0x96, 0xFD, 0x0A, 0x09, 0xFA };"
"const uint8_t FINAL_MASK[16] = { 0xC5, 0x98, 0x4F, 0x3B, 0x69, 0x5F, 0x77, 0x32, 0xA9, 0xD1, 0x1E, 0xC9, 0xA5, 0x6C, 0xCB, 0x61 };"
"const uint8_t MASK[16] = { 0x40, 0x0B, 0xF0, 0x1F, 0xB7, 0x62, 0xE6, 0x90, 0x50, 0xF6, 0xE4, 0xFE, 0x4E, 0xE2, 0xBA, 0xE3 };"
"const uint8_t FINAL_MASK[16] = { 0xC4, 0x4A, 0xB8, 0xFC, 0x1D, 0x4C, 0x05, 0x45, 0xE8, 0x9A, 0x0A, 0x41, 0xB9, 0x21, 0x7A, 0xF6 };"
"const uint8_t MASK[16] = { 0x67, 0x95, 0x32, 0xD5, 0x14, 0x61, 0x7D, 0xD2, 0x61, 0x0D, 0x5C, 0x98, 0x94, 0x1B, 0x72, 0x90 };"
"const uint8_t FINAL_MASK[16] = { 0x35, 0xF2, 0xDA, 0x1E, 0xD2, 0xB2, 0x46, 0xAC, 0xCA, 0x10, 0xCE, 0xB1, 0xDD, 0x88, 0x40, 0x38 };"
"const uint8_t MASK[16] = { 0x74, 0x8A, 0xEB, 0x17, 0x05, 0xA8, 0xC1, 0x85, 0x38, 0xE9, 0x6F, 0x87, 0xE6, 0x6D, 0x66, 0x21 };"
"const uint8_t FINAL_MASK[16] = { 0xAA, 0x9D, 0x0F, 0xC8, 0x28, 0x2B, 0xBB, 0xB7, 0x23, 0x9C, 0x26, 0xCA, 0x21, 0x1C, 0xC5, 0x2D };"
"const uint8_t MASK[16] = { 0x63, 0x02, 0xC6, 0x7F, 0x19, 0x5B, 0x61, 0xAF, 0x1A, 0x68, 0x68, 0xEA, 0x9D, 0x7D, 0x00, 0x2D };"
"const uint8_t FINAL_MASK[16] = { 0x7B, 0x5A, 0x99, 0x07, 0xD5, 0x5F, 0xAB, 0xD4, 0xDD, 0x91, 0xA6, 0x50, 0x4E, 0x3D, 0x7C, 0xDE };"
"const uint8_t MASK[16] = { 0xCD, 0x7B, 0x45, 0xCA, 0xA1, 0x72, 0x92, 0x01, 0x8F, 0x25, 0x84, 0x6B, 0xD5, 0xA4, 0x86, 0x0D };"
"const uint8_t FINAL_MASK[16] = { 0xE5, 0x70, 0x6A, 0x52, 0x0D, 0x8B, 0x83, 0x1D, 0x07, 0x1A, 0x79, 0xF6, 0xDE, 0x99, 0xAE, 0x0B };"
"const uint8_t MASK[16] = { 0x3D, 0xAF, 0xED, 0xE5, 0xDF, 0x5D, 0x1C, 0xF9, 0x77, 0x47, 0x11, 0xC2, 0x72, 0x2B, 0x4C, 0x38 };"
"const uint8_t FINAL_MASK[16] = { 0x76, 0x1B, 0x0B, 0x67, 0x73, 0x73, 0x2E, 0x10, 0xFC, 0x3E, 0xC2, 0x05, 0xC4, 0x07, 0x17, 0x5B };"
"const uint8_t MASK[16] = { 0x0D, 0x07, 0x94, 0x0D, 0x6A, 0xC3, 0x19, 0xF7, 0xA2, 0x62, 0xAD, 0xF2, 0xA8, 0x5E, 0xDC, 0xA3 };"
"const uint8_t FINAL_MASK[16] = { 0x7D, 0xFA, 0x8A, 0x29, 0x49, 0x04, 0x1F, 0x02, 0xFA, 0xAB, 0x29, 0xEE, 0x21, 0x90, 0x43, 0x01 };"
"const uint8_t MASK[16] = { 0x00, 0xFE, 0x9F, 0x98, 0x76, 0xBB, 0x69, 0x8A, 0xBC, 0x67, 0xAA, 0x6D, 0x1B, 0x97, 0xCD, 0x5E };"
"const uint8_t FINAL_MASK[16] = { 0x13, 0x5B, 0x1D, 0x7E, 0x17, 0x72, 0x9F, 0xD0, 0x90, 0x66, 0x81, 0x56, 0x89, 0xC7, 0x62, 0x94 };"
"const uint8_t MASK[16] = { 0x20, 0x8B, 0xE3, 0xC7, 0xF5, 0xC8, 0x8C, 0x31, 0xC2, 0xEE, 0x53, 0x6C, 0xBE, 0x7F, 0xB6, 0xFF };"
"const uint8_t FINAL_MASK[16] = { 0x61, 0xD9, 0x66, 0x8D, 0xA9, 0x71, 0xB5, 0x10, 0x38, 0xCC, 0xDB, 0x87, 0xB2, 0xA6, 0xFB, 0xF4 };"
"const uint8_t MASK[16] = { 0x2C, 0x8A, 0xA2, 0xD4, 0x24, 0x46, 0x79, 0x35, 0x5E, 0x13, 0xA0, 0x64, 0x51, 0xFE, 0x29, 0xA1 };"
"const uint8_t FINAL_MASK[16] = { 0x18, 0xCE, 0x61, 0xA4, 0xD7, 0xB6, 0xDD, 0x92, 0x32, 0xD1, 0x0F, 0xD8, 0xAC, 0x0C, 0xE9, 0xCB };"
"const uint8_t MASK[16] = { 0x3B, 0xCB, 0xE9, 0x24, 0x25, 0x6E, 0x75, 0x55, 0x58, 0xD5, 0xB5, 0xDF, 0xB2, 0x01, 0x5B, 0xDD };"
"const uint8_t FINAL_MASK[16] = { 0x93, 0x03, 0x13, 0x80, 0x96, 0xED, 0x01, 0xF1, 0x29, 0xA1, 0xF5, 0xE4, 0x82, 0xA5, 0xF0, 0xEF };"
"const uint8_t MASK[16] = { 0x13, 0x57, 0x52, 0x60, 0x97, 0x04, 0xD1, 0x09, 0x9F, 0x48, 0xFE, 0xFD, 0x9D, 0x0C, 0x34, 0x5C };"
"const uint8_t FINAL_MASK[16] = { 0xCB, 0x72, 0x7C, 0xF3, 0x4A, 0x29, 0x88, 0x33, 0xC5, 0x48, 0xEC, 0xA0, 0xF7, 0xE6, 0xC9, 0x66 };"
"const uint8_t MASK[16] = { 0xA8, 0x61, 0x93, 0x65, 0x39, 0xC8, 0x53, 0x07, 0x2B, 0x69, 0x77, 0xAE, 0xED, 0x44, 0x32, 0x07 };"
"const uint8_t FINAL_MASK[16] = { 0x17, 0x73, 0xBE, 0x75, 0x51, 0xB5, 0x4D, 0x7C, 0x5F, 0x93, 0x63, 0xE9, 0x44, 0x35, 0x28, 0xDD };"
"const uint8_t MASK[16] = { 0x76, 0xDD, 0x7A, 0xE5, 0x3E, 0x9E, 0xB2, 0x94, 0x32, 0x54, 0x2A, 0x2D, 0x0C, 0x5A, 0x65, 0x80 };"
"const uint8_t FINAL_MASK[16] = { 0x66, 0xC4, 0x50, 0xAC, 0xD4, 0x4F, 0x9C, 0xAC, 0xF4, 0x5E, 0x03, 0x8B, 0x3E, 0x35, 0x55, 0x2D };"
"const uint8_t MASK[16] = { 0x79, 0xB4, 0x25, 0xB8, 0x2C, 0x1D, 0x6F, 0xF8, 0xE1, 0xFE, 0xD5, 0x7E, 0x75, 0xE2, 0xB2, 0xE6 };"
"const uint8_t FINAL_MASK[16] = { 0x9B, 0xB6, 0x6B, 0x05, 0x55, 0xBB, 0x54, 0x95, 0xD0, 0xDC, 0xF8, 0xE2, 0x9A, 0xE7, 0x47, 0x6B };"
"const uint8_t MASK[16] = { 0x98, 0x5E, 0x7D, 0xC0, 0xA6, 0x6E, 0x37, 0xE3, 0xAB, 0xC4, 0x62, 0x33, 0x51, 0xB3, 0x94, 0x0F };"
"const uint8_t FINAL_MASK[16] = { 0xD7, 0x0A, 0x99, 0x59, 0xFF, 0x06, 0xCD, 0xA9, 0x30, 0x8E, 0x67, 0xC6, 0xDE, 0xF9, 0xE0, 0x12 };"
"const uint8_t MASK[16] = { 0x34, 0x5C, 0x79, 0xF8, 0xAA, 0x35, 0xDF, 0xBA, 0xD4, 0x72, 0xA7, 0x2B, 0x64, 0x15, 0x73, 0xCA };"
"const uint8_t FINAL_MASK[16] = { 0xF3, 0xC7, 0x15, 0xAB, 0xD9, 0xE6, 0xCB, 0x17, 0x02, 0x00, 0x70, 0xFC, 0xFA, 0x7E, 0x70, 0xC1 };"
"const uint8_t MASK[16] = { 0x24, 0x87, 0xA3, 0x4B, 0xE3, 0x66, 0xA7, 0x21, 0xC0, 0x3A, 0x5D, 0x05, 0x7E, 0x7E, 0x89, 0xAC };"
"const uint8_t FINAL_MASK[16] = { 0xDE, 0xAC, 0xBD, 0xD0, 0x50, 0x81, 0x6E, 0xDC, 0x6C, 0x74, 0x4B, 0x90, 0x4F, 0x81, 0x1F, 0x43 };"
"const uint8_t MASK[16] = { 0x58, 0xC4, 0x3B, 0x78, 0xD9, 0x80, 0x71, 0xC1, 0xAE, 0x7E, 0x81, 0x28, 0xED, 0x9D, 0x9C, 0x3C };"
"const uint8_t FINAL_MASK[16] = { 0xFB, 0xDB, 0x50, 0x98, 0xAB, 0x51, 0xDD, 0x47, 0x80, 0xC2, 0x9B, 0x0E, 0x24, 0xD2, 0xF0, 0xB6 };"
"const uint8_t MASK[16] = { 0xCD, 0xA2, 0x4A, 0xD7, 0xE9, 0x75, 0xBF, 0xC8, 0x35, 0xFA, 0xE0, 0xBB, 0x99, 0xFF, 0x05, 0x07 };"
"const uint8_t FINAL_MASK[16] = { 0x3A, 0xD6, 0xC2, 0x6A, 0x50, 0x57, 0xFA, 0xC6, 0xBF, 0x98, 0x0C, 0xE8, 0xFC, 0x58, 0xDD, 0xE7 };"
"const uint8_t MASK[16] = { 0x47, 0xA1, 0x76, 0x53, 0x90, 0x57, 0x42, 0xDA, 0xFD, 0x7A, 0x93, 0x31, 0xE1, 0xF4, 0x67, 0x7E };"
"const uint8_t FINAL_MASK[16] = { 0xA3, 0x9D, 0x92, 0xF8, 0x14, 0x00, 0x63, 0x55, 0xCC, 0xAF, 0xCF, 0x3A, 0x29, 0xFC, 0x6A, 0x2D };"
"const uint8_t MASK[16] = { 0x6A, 0xE3, 0x9D, 0x91, 0x39, 0x2F, 0xD7, 0xA3, 0x4F, 0x66, 0xDB, 0xD3, 0x5D, 0x02, 0x26, 0xC5 };"
"const uint8_t FINAL_MASK[16] = { 0x1A, 0x59, 0x84, 0xC6, 0xDE, 0x77, 0x93, 0x81, 0x02, 0x52, 0xEE, 0xEE, 0x3A, 0xE0, 0x05, 0x89 };"
"const uint8_t MASK[16] = { 0xE8, 0xF9, 0xD8, 0xDB, 0x1F, 0x38, 0xE6, 0xB8, 0x2A, 0x9B, 0x0F, 0x45, 0x22, 0xCD, 0x4C, 0x9F };"
"const uint8_t FINAL_MASK[16] = { 0x36, 0xD7, 0x8D, 0x22, 0x34, 0xB7, 0x42, 0x4C, 0x65, 0xFB, 0x26, 0x4E, 0xF0, 0xAC, 0x26, 0x89 };"
"const uint8_t MASK[16] = { 0xF9, 0xC1, 0x4A, 0xDE, 0x61, 0x74, 0x8C, 0x50, 0x3E, 0x93, 0xD8, 0x25, 0xB6, 0x60, 0xC1, 0x91 };"
"const uint8_t FINAL_MASK[16] = { 0xF1, 0x5D, 0x55, 0xE2, 0x25, 0x7D, 0xDC, 0xD3, 0xF8, 0xA1, 0x11, 0x0B, 0x7C, 0xF8, 0xE5, 0xF5 };"
"const uint8_t MASK[16] = { 0x09, 0xDF, 0x70, 0x2B, 0x62, 0xC7, 0xF6, 0x51, 0xA5, 0xAD, 0xC9, 0x5F, 0xEE, 0x3A, 0x6D, 0xBB };"
"const uint8_t FINAL_MASK[16] = { 0xB1, 0xE0, 0x79, 0x52, 0x31, 0x87, 0x93, 0xD2, 0x91, 0x5F, 0x92, 0xFA, 0xA6, 0x09, 0xE0, 0xE7 };"
"const uint8_t MASK[16] = { 0x56, 0x78, 0x8A, 0x0C, 0xBE, 0xCE, 0x7F, 0x38, 0xE2, 0x92, 0xFF, 0x4A, 0xCB, 0x0C, 0xCB, 0x04 };"
"const uint8_t FINAL_MASK[16] = { 0x6F, 0x1E, 0x2F, 0xF2, 0xEE, 0xEC, 0xDB, 0x80, 0x98, 0x77, 0x26, 0x0A, 0x49, 0x25, 0x31, 0x40 };"
"const uint8_t MASK[16] = { 0x58, 0xC6, 0x1D, 0x6F, 0xC1, 0x5F, 0x78, 0x92, 0x88, 0xD9, 0xCB, 0x2C, 0x60, 0xEC, 0x6A, 0x71 };"
"const uint8_t FINAL_MASK[16] = { 0x1A, 0xF0, 0x4A, 0x25, 0xC7, 0x0D, 0xC9, 0xD0, 0xAB, 0xE0, 0x08, 0x99, 0xA7, 0x8D, 0x53, 0x0A };"
"const uint8_t MASK[16] = { 0xCE, 0x77, 0xBB, 0x75, 0xE1, 0x3A, 0x33, 0x8C, 0xBE, 0xEE, 0x13, 0xAB, 0x16, 0x6C, 0x30, 0x56 };"
"const uint8_t FINAL_MASK[16] = { 0x6A, 0x06, 0x18, 0xC7, 0x26, 0x6C, 0x24, 0x43, 0x87, 0x6C, 0xE8, 0xBA, 0x74, 0xE8, 0x77, 0xD3 };"
"const uint8_t MASK[16] = { 0xAD, 0xAA, 0x90, 0x67, 0xA5, 0x86, 0x07, 0x85, 0xDD, 0x8A, 0x0A, 0x72, 0xFA, 0x37, 0x06, 0xE0 };"
"const uint8_t FINAL_MASK[16] = { 0xFA, 0x84, 0x09, 0x0C, 0x19, 0xBD, 0x0F, 0xA8, 0x91, 0x80, 0x0A, 0xF8, 0xA2, 0x37, 0xD0, 0xA4 };"
"const uint8_t MASK[16] = { 0xBC, 0x29, 0xD5, 0x2F, 0xB2, 0xE0, 0x45, 0xD3, 0x50, 0xFB, 0xC3, 0x4C, 0xE9, 0x05, 0x4E, 0x95 };"
"const uint8_t FINAL_MASK[16] = { 0x0D, 0x81, 0xA3, 0xDF, 0x3B, 0x31, 0x7B, 0xD3, 0x8D, 0x47, 0x57, 0xFF, 0x0C, 0x8E, 0x2D, 0xCA };"
"const uint8_t MASK[16] = { 0xF9, 0x8C, 0xA4, 0x2B, 0x9B, 0xA0, 0x63, 0xAA, 0x53, 0xA4, 0xCA, 0xCC, 0x04, 0xA9, 0x7F, 0x78 };"
"const uint8_t FINAL_MASK[16] = { 0x8C, 0x8D, 0x81, 0x99, 0x6E, 0x67, 0xB6, 0x87, 0x76, 0xC5, 0x28, 0xD4, 0x5E, 0x4F, 0xEC, 0xFB };"
"const uint8_t MASK[16] = { 0xDE, 0x27, 0xE1, 0x38, 0xCB, 0xD5, 0x9F, 0xD0, 0xB3, 0xF2, 0x53, 0x17, 0x29, 0x44, 0x14, 0xD7 };"
"const uint8_t FINAL_MASK[16] = { 0xC5, 0xB1, 0xE1, 0xBD, 0x99, 0x5F, 0x03, 0x14, 0x2A, 0x98, 0xE0, 0xD6, 0xEA, 0x75, 0xD9, 0xA1 };"
"const uint8_t MASK[16] = { 0x3D, 0x6C, 0x16, 0x03, 0x46, 0x61, 0xC1, 0xF2, 0x61, 0x8D, 0x46, 0x48, 0x4F, 0xC0, 0x32, 0x25 };"
"const uint8_t FINAL_MASK[16] = { 0xE6, 0x1A, 0x4D, 0x7F, 0x1A, 0x85, 0x9D, 0x8F, 0xC3, 0xF5, 0x2B, 0x31, 0x39, 0xA8, 0xDF, 0xC0 };"
"const uint8_t MASK[16] = { 0xE1, 0xE6, 0xFB, 0xD1, 0x59, 0x90, 0x9A, 0xCB, 0xD7, 0xA8, 0x7D, 0xC9, 0xEA, 0xD8, 0xA2, 0x51 };"
"const uint8_t FINAL_MASK[16] = { 0x71, 0xBB, 0xB5, 0x31, 0x8E, 0x26, 0x5E, 0x8D, 0x91, 0x8E, 0xF8, 0x00, 0x46, 0xE1, 0x39, 0x9F };"
"const uint8_t MASK[16] = { 0xF3, 0x54, 0x58, 0x7C, 0x26, 0x39, 0x6A, 0x08, 0xC7, 0x64, 0xD6, 0x22, 0x80, 0xBB, 0x05, 0x4F };"
"const uint8_t FINAL_MASK[16] = { 0x6C, 0x0C, 0x65, 0x9F, 0x17, 0xD2, 0x02, 0xA6, 0x55, 0x05, 0x75, 0xD0, 0x8A, 0x71, 0xAA, 0x2F };"
"const uint8_t MASK[16] = { 0xDD, 0xBF, 0x2E, 0xDF, 0x59, 0x5D, 0x48, 0xE9, 0xCE, 0xC8, 0xC0, 0x52, 0x7E, 0x26, 0x0D, 0xC0 };"
"const uint8_t FINAL_MASK[16] = { 0x40, 0x33, 0x7A, 0xD5, 0xBD, 0x25, 0xB1, 0x36, 0x7E, 0x83, 0xBE, 0xF3, 0x17, 0xB9, 0x02, 0xC9 };"
"const uint8_t MASK[16] = { 0xAF, 0x5F, 0x9C, 0x74, 0x37, 0xAC, 0x54, 0x45, 0x24, 0x9B, 0x45, 0xCF, 0x86, 0x8E, 0xE0, 0x5E };"
"const uint8_t FINAL_MASK[16] = { 0x53, 0xF3, 0xD2, 0xD5, 0x08, 0x28, 0xB8, 0xDE, 0x49, 0xCB, 0x77, 0xA6, 0x05, 0xBB, 0x61, 0x6D };"
"const uint8_t MASK[16] = { 0xC8, 0x25, 0x3B, 0x5D, 0x94, 0xE4, 0x6F, 0x91, 0x71, 0xAD, 0x25, 0x8B, 0x63, 0x24, 0x40, 0x26 };"
"const uint8_t FINAL_MASK[16] = { 0x27, 0x3F, 0x2B, 0x1F, 0xE9, 0xEC, 0xB7, 0x8F, 0xC2, 0x02, 0xA0, 0xA8, 0x8D, 0x24, 0x01, 0x4C };"
"const uint8_t MASK[16] = { 0x05, 0xEA, 0x0E, 0x55, 0x8E, 0x58, 0x1B, 0xB1, 0x82, 0xC7, 0xB8, 0x90, 0x06, 0x7D, 0x58, 0x26 };"
"const uint8_t FINAL_MASK[16] = { 0xFD, 0xAB, 0x00, 0xF0, 0xE0, 0x68, 0x07, 0xB6, 0x46, 0xED, 0xCD, 0xBA, 0x53, 0x89, 0x86, 0x70 };"
"const uint8_t MASK[16] = { 0x09, 0x14, 0xA4, 0x1D, 0x6E, 0x55, 0xEA, 0xA9, 0xF8, 0x07, 0xCB, 0xCE, 0xC3, 0x8F, 0xF0, 0x8B };"
"const uint8_t FINAL_MASK[16] = { 0xAF, 0xD0, 0x03, 0xB9, 0x29, 0x3B, 0x9E, 0x87, 0xAF, 0xD9, 0x3A, 0x0C, 0x07, 0xC9, 0x42, 0x27 };"
"const uint8_t MASK[16] = { 0x5C, 0x77, 0xB6, 0x36, 0x95, 0xEB, 0xE2, 0x3B, 0x82, 0x90, 0xF5, 0xFE, 0x23, 0xA8, 0x0D, 0x81 };"
"const uint8_t FINAL_MASK[16] = { 0xCA, 0x31, 0xE9, 0x02, 0xCE, 0xA9, 0x58, 0x0C, 0x7C, 0x1F, 0x3F, 0x52, 0xEF, 0xFF, 0x66, 0x48 };"
"const uint8_t MASK[16] = { 0xE1, 0xA4, 0x35, 0x73, 0x47, 0xA0, 0x99, 0xEC, 0x37, 0x0F, 0xF5, 0xE3, 0x23, 0xE9, 0xE6, 0x9A };"
"const uint8_t FINAL_MASK[16] = { 0x2D, 0x63, 0x76, 0x0F, 0x84, 0x50, 0x28, 0x38, 0x3B, 0xA6, 0x39, 0x2B, 0xC4, 0x67, 0xF4, 0xA7 };"
"const uint8_t MASK[16] = { 0x87, 0xE2, 0xA2, 0x80, 0xAE, 0x49, 0xFE, 0x37, 0xD7, 0x50, 0x85, 0x28, 0x4E, 0x4F, 0x4A, 0xC4 };"
"const uint8_t FINAL_MASK[16] = { 0x6B, 0xE9, 0x61, 0x4D, 0xD1, 0x63, 0x2C, 0xB5, 0xB9, 0x11, 0x4A, 0xF0, 0xD2, 0x84, 0xCA, 0xB9 };"
"const uint8_t MASK[16] = { 0x94, 0xFF, 0x03, 0xEF, 0x1D, 0x73, 0x06, 0x34, 0x3D, 0x53, 0xA3, 0x66, 0x51, 0x4B, 0x21, 0xCE };"
"const uint8_t FINAL_MASK[16] = { 0xC2, 0xA0, 0xEC, 0x8B, 0xA4, 0x86, 0x57, 0xF0, 0x44, 0x13, 0x4A, 0xD6, 0x4E, 0x7F, 0x81, 0x0D };"
"const uint8_t MASK[16] = { 0x1B, 0x83, 0xA0, 0xBB, 0x9B, 0x28, 0xB0, 0xB5, 0x2C, 0x7B, 0xDA, 0xDA, 0x54, 0xA3, 0x55, 0xAA };"
"const uint8_t FINAL_MASK[16] = { 0x3C, 0x10, 0x49, 0xBD, 0x45, 0xED, 0x4E, 0x19, 0x13, 0xA1, 0x16, 0xCF, 0xFF, 0xB7, 0x67, 0x2D };"
"const uint8_t MASK[16] = { 0xAD, 0x5D, 0x0F, 0xF2, 0x95, 0x40, 0x1A, 0x8F, 0xE3, 0x42, 0x1F, 0x19, 0x0E, 0x14, 0xB9, 0x19 };"
"const uint8_t FINAL_MASK[16] = { 0x9D, 0x19, 0x76, 0x16, 0x84, 0x81, 0xE6, 0x77, 0x61, 0x77, 0x10, 0xDD, 0xCA, 0x1B, 0xD5, 0xE6 };"
"const uint8_t MASK[16] = { 0xE0, 0xCE, 0xCD, 0xB0, 0x2E, 0xCB, 0xB2, 0x25, 0x1C, 0xF7, 0x83, 0xEA, 0xBB, 0x76, 0x57, 0x78 };"
"const uint8_t FINAL_MASK[16] = { 0x66, 0x61, 0xC6, 0xDF, 0xEA, 0x88, 0x2B, 0x7B, 0x31, 0x0F, 0x62, 0x9C, 0xB1, 0xC7, 0xC2, 0xC8 };"
"const uint8_t MASK[16] = { 0xEE, 0xC9, 0x38, 0x73, 0x66, 0xB6, 0x32, 0x86, 0x82, 0xE4, 0xDC, 0x98, 0x23, 0x5F, 0xCB, 0x5B };"
"const uint8_t FINAL_MASK[16] = { 0x6C, 0x41, 0x04, 0xB3, 0xAF, 0x70, 0x59, 0x7E, 0x10, 0x36, 0xCA, 0xB2, 0x76, 0xCE, 0x6C, 0xFD };"
"const uint8_t MASK[16] = { 0xA9, 0x58, 0x4F, 0xFB, 0x7E, 0x41, 0x69, 0xA3, 0x91, 0xFB, 0xD5, 0x7F, 0x2D, 0x65, 0x3B, 0xFB };"
"const uint8_t FINAL_MASK[16] = { 0x5E, 0xEE, 0x8D, 0xC6, 0x4C, 0xDA, 0x86, 0xAE, 0x90, 0x3E, 0x76, 0x2E, 0x21, 0x02, 0x7B, 0xD4 };"
"const uint8_t MASK[16] = { 0x1F, 0xCB, 0x0C, 0x12, 0xD8, 0xC4, 0x11, 0xAB, 0x38, 0x85, 0x59, 0xDB, 0x6C, 0x75, 0xA4, 0x4A };"
"const uint8_t FINAL_MASK[16] = { 0x63, 0x95, 0x0E, 0xD1, 0xCA, 0x64, 0x3F, 0x5C, 0xA5, 0x60, 0xDB, 0xF8, 0x5F, 0xD5, 0x7E, 0x3A };"
"const uint8_t MASK[16] = { 0x38, 0x3A, 0x85, 0xBA, 0x2C, 0xA4, 0xCE, 0x1E, 0x94, 0x75, 0x0B, 0xD9, 0x6E, 0xB3, 0x67, 0xB2 };"
"const uint8_t FINAL_MASK[16] = { 0x77, 0xEC, 0x39, 0xBE, 0x48, 0x05, 0x97, 0x73, 0x0A, 0x00, 0x8E, 0x21, 0x37, 0xDA, 0xA2, 0x6C };"
"const uint8_t MASK[16] = { 0x4E, 0xD4, 0x40, 0x29, 0x9C, 0xEF, 0x92, 0x95, 0xFD, 0x64, 0x2E, 0x23, 0x9D, 0xC2, 0x92, 0x81 };"
"const uint8_t FINAL_MASK[16] = { 0x47, 0x3A, 0x49, 0x98, 0xDA, 0x58, 0xF4, 0x68, 0x87, 0x9E, 0x8F, 0xA1, 0x09, 0xD9, 0xA8, 0x41 };"
"const uint8_t MASK[16] = { 0xA1, 0xD0, 0x03, 0xFC, 0x11, 0x8C, 0x15, 0x0E, 0xF4, 0xD6, 0x29, 0xF7, 0xA7, 0x0D, 0x2D, 0xEA };"
"const uint8_t FINAL_MASK[16] = { 0x53, 0x57, 0xBC, 0x86, 0x77, 0x72, 0x2E, 0x97, 0x4C, 0xBB, 0x51, 0x8C, 0xB0, 0xBB, 0xD7, 0x59 };"
"const uint8_t MASK[16] = { 0xC6, 0x71, 0xBA, 0x31, 0x8A, 0xB2, 0x88, 0x63, 0x19, 0x27, 0x59, 0x48, 0x2F, 0xDC, 0x9E, 0x66 };"
"const uint8_t FINAL_MASK[16] = { 0xFF, 0x92, 0x2C, 0xB3, 0xD1, 0xAF, 0x92, 0x44, 0xE6, 0xF3, 0xEA, 0x98, 0xBF, 0x7E, 0xB1, 0x28 };"
"const uint8_t MASK[16] = { 0x0A, 0x7D, 0x5C, 0x31, 0x81, 0x24, 0x23, 0x11, 0x06, 0xB0, 0x25, 0xB9, 0x26, 0xAC, 0xC5, 0x7E };"
"const uint8_t FINAL_MASK[16] = { 0x64, 0x99, 0x51, 0x61, 0x31, 0x3D, 0xA2, 0x0B, 0x86, 0x50, 0x61, 0xDA, 0xC3, 0xD2, 0x6F, 0x38 };"
"const uint8_t MASK[16] = { 0xAB, 0x13, 0x34, 0x36, 0xF2, 0xCC, 0x33, 0xB4, 0x97, 0x2C, 0x54, 0x0A, 0x36, 0xED, 0x46, 0xFF };"
"const uint8_t FINAL_MASK[16] = { 0xB0, 0x78, 0x27, 0xB6, 0x10, 0xF2, 0x75, 0xA7, 0xB8, 0x36, 0x71, 0x5F, 0xA2, 0x76, 0x24, 0x8C };"
"const uint8_t MASK[16] = { 0xAA, 0x91, 0x97, 0x84, 0x0B, 0x99, 0x17, 0x9E, 0x3D, 0x0A, 0x2C, 0x7C, 0xD1, 0x44, 0x69, 0xA7 };"
"const uint8_t FINAL_MASK[16] = { 0xD3, 0x8C, 0xF8, 0x62, 0x2B, 0x7E, 0x9B, 0x0E, 0xCA, 0x74, 0x5B, 0x38, 0x65, 0x06, 0xE8, 0xCA };"
"const uint8_t MASK[16] = { 0xC5, 0x40, 0xAE, 0x1D, 0xE4, 0x51, 0xBA, 0x88, 0xBE, 0xA0, 0x68, 0xD3, 0x83, 0xBB, 0x42, 0x66 };"
"const uint8_t FINAL_MASK[16] = { 0x5A, 0x56, 0x8A, 0x33, 0x1D, 0xF3, 0xDE, 0x33, 0xA0, 0x58, 0xFF, 0x12, 0x94, 0x14, 0x7B, 0x11 };"
"const uint8_t MASK[16] = { 0x4C, 0x81, 0xD2, 0x0F, 0x6F, 0x3D, 0x2F, 0x97, 0x72, 0xD6, 0x9E, 0x8E, 0xA5, 0x4B, 0x45, 0x68 };"
"const uint8_t FINAL_MASK[16] = { 0xFA, 0xEF, 0x79, 0xED, 0x43, 0xCB, 0xB7, 0xDD, 0x31, 0x4A, 0xEA, 0x87, 0xC9, 0x0D, 0x9B, 0xB7 };"
"const uint8_t MASK[16] = { 0x17, 0x83, 0xC3, 0x2E, 0x65, 0x85, 0x9E, 0x60, 0x7F, 0xFC, 0x3C, 0x40, 0x22, 0x50, 0x06, 0xCC };"
"const uint8_t FINAL_MASK[16] = { 0x84, 0x53, 0x90, 0xDA, 0xDE, 0xC2, 0x81, 0x5D, 0x08, 0x06, 0x1C, 0x61, 0xF2, 0xD4, 0x1D, 0x88 };"
"const uint8_t MASK[16] = { 0xDA, 0x68, 0x38, 0xB1, 0x1B, 0x55, 0x37, 0x35, 0x6E, 0x5A, 0x83, 0x61, 0xA5, 0xFC, 0x05, 0xD3 };"
"const uint8_t FINAL_MASK[16] = { 0xF4, 0xA3, 0xCF, 0xDF, 0x28, 0x34, 0xB8, 0xE8, 0x8D, 0x90, 0x94, 0x77, 0x42, 0x9C, 0x3B, 0x08 };"
"const uint8_t MASK[16] = { 0x25, 0xC6, 0x01, 0x2C, 0xAC, 0x10, 0x17, 0x6F, 0x86, 0x6E, 0xB5, 0x88, 0x2F, 0x1B, 0xF4, 0xA2 };"
"const uint8_t FINAL_MASK[16] = { 0x00, 0x5D, 0xF5, 0x1E, 0x3F, 0x79, 0x40, 0x7B, 0x72, 0x35, 0x31, 0xFB, 0x47, 0x46, 0x0A, 0x17 };"
"const uint8_t MASK[16] = { 0xDE, 0x7F, 0xF5, 0x9F, 0x9E, 0x51, 0x68, 0x22, 0x19, 0x28, 0x05, 0x3D, 0x09, 0x72, 0xF3, 0xA1 };"
"const uint8_t FINAL_MASK[16] = { 0xD6, 0xCF, 0x38, 0xFF, 0x91, 0xBB, 0x71, 0x95, 0x47, 0x39, 0xED, 0x20, 0x8B, 0x0C, 0xEF, 0xA2 };"
"const uint8_t MASK[16] = { 0x7C, 0xF5, 0x0A, 0x99, 0x81, 0x57, 0xA5, 0x51, 0x62, 0x2C, 0x7A, 0x2F, 0x2C, 0xF0, 0x1F, 0x1D };"
"const uint8_t FINAL_MASK[16] = { 0x9C, 0x7F, 0x63, 0xA4, 0x8D, 0xDC, 0x73, 0x6E, 0x9C, 0x0F, 0xCC, 0x52, 0x4B, 0xBA, 0xB6, 0xA8 };"
"const uint8_t MASK[16] = { 0x2C, 0x83, 0x88, 0x9D, 0x9C, 0x20, 0x0A, 0x76, 0x4D, 0xAF, 0x65, 0x1F, 0xC2, 0x94, 0xF1, 0x62 };"
"const uint8_t FINAL_MASK[16] = { 0xAB, 0x57, 0xD9, 0x40, 0xC6, 0x47, 0x9A, 0x70, 0x21, 0x29, 0xF2, 0xFE, 0xBD, 0xC2, 0x8E, 0x2E };"
"const uint8_t MASK[16] = { 0x07, 0xFF, 0xB7, 0x7A, 0x8B, 0x6D, 0x51, 0x19, 0xEC, 0xFC, 0x47, 0xE9, 0xA6, 0x4F, 0x85, 0x27 };"
"const uint8_t FINAL_MASK[16] = { 0xCD, 0x9B, 0x13, 0x94, 0xB5, 0xBE, 0x58, 0x1D, 0x9F, 0xFE, 0xC9, 0xBB, 0x7E, 0xC3, 0x18, 0xC3 };"
"const uint8_t MASK[16] = { 0x6A, 0x5A, 0xAF, 0xAA, 0x0A, 0x1F, 0xE4, 0xDE, 0x1E, 0x0B, 0x4D, 0x37, 0x63, 0x54, 0xD8, 0x0A };"
"const uint8_t FINAL_MASK[16] = { 0xB9, 0xB7, 0x5C, 0xD2, 0x75, 0x7F, 0xB9, 0x95, 0x3A, 0xE2, 0xD9, 0xC2, 0x80, 0xF1, 0x8E, 0x78 };"
"const uint8_t MASK[16] = { 0xA5, 0xCD, 0x0A, 0x48, 0xED, 0x0D, 0x68, 0x27, 0x41, 0xBF, 0x9D, 0xA0, 0x29, 0x44, 0x73, 0xDE };"
"const uint8_t FINAL_MASK[16] = { 0xCD, 0x22, 0x81, 0x52, 0x39, 0x7F, 0x17, 0x5F, 0x3E, 0x01, 0xD7, 0xA7, 0xFB, 0x8D, 0x3F, 0xA0 };"
"const uint8_t MASK[16] = { 0x70, 0xF8, 0x81, 0x86, 0xB7, 0x24, 0x17, 0xE9, 0x5C, 0x25, 0x2F, 0x19, 0xD7, 0xBF, 0x8D, 0x8F };"
"const uint8_t FINAL_MASK[16] = { 0xE2, 0xC3, 0xF0, 0x9A, 0x2C, 0x30, 0xCA, 0x0F, 0x58, 0xB1, 0x4E, 0x5F, 0x36, 0xEE, 0xF9, 0xB5 };"
"const uint8_t MASK[16] = { 0x5B, 0x96, 0x50, 0x6F, 0xE0, 0xEE, 0x62, 0x80, 0x8E, 0x22, 0xF3, 0x90, 0xAD, 0xAE, 0xE9, 0x1F };"
"const uint8_t FINAL_MASK[16] = { 0x5A, 0xC1, 0x48, 0xB9, 0x14, 0x8D, 0x45, 0xBF, 0xD2, 0x1B, 0x18, 0x2C, 0x97, 0x3F, 0xCA, 0xE9 };"
"const uint8_t MASK[16] = { 0x01, 0x25, 0x4A, 0x2E, 0xD6, 0x80, 0x72, 0x90, 0xA2, 0x09, 0xF9, 0x96, 0x98, 0x04, 0x6A, 0xB3 };"
"const uint8_t FINAL_MASK[16] = { 0x27, 0xD2, 0xBE, 0xDC, 0x4D, 0xFF, 0xCA, 0xC2, 0x3F, 0x05, 0x2B, 0xC6, 0x14, 0x23, 0x46, 0xCE };"
"const uint8_t MASK[16] = { 0xC4, 0x47, 0xE4, 0x0E, 0x87, 0xB1, 0x79, 0xDF, 0x2F, 0x4F, 0x74, 0x04, 0x53, 0x47, 0x18, 0x58 };"
"const uint8_t FINAL_MASK[16] = { 0xCC, 0x01, 0xA5, 0x2D, 0x85, 0xED, 0x1F, 0x49, 0x55, 0x30, 0xE5, 0xCA, 0xAF, 0x9C, 0x8A, 0x87 };"
"const uint8_t MASK[16] = { 0x46, 0xA5, 0xCF, 0xBE, 0xBF, 0x4A, 0xE4, 0xC4, 0xDF, 0x3D, 0x12, 0xEA, 0x89, 0xE9, 0x88, 0x95 };"
"const uint8_t FINAL_MASK[16] = { 0x0E, 0xD7, 0xD1, 0x69, 0xDF, 0x44, 0xCD, 0xD7, 0xE3, 0xD1, 0x3D, 0xFA, 0x68, 0x92, 0x40, 0xFC };"
"const uint8_t MASK[16] = { 0xBA, 0x63, 0x7D, 0x9D, 0xAD, 0x0B, 0x89, 0x52, 0xBB, 0xD4, 0x17, 0x06, 0x22, 0xB3, 0xA4, 0xCC };"
"const uint8_t FINAL_MASK[16] = { 0xEB, 0xBC, 0x46, 0xC2, 0x44, 0x8B, 0x02, 0xD6, 0xE8, 0x35, 0x9F, 0x84, 0x45, 0xEF, 0x5B, 0x4D };"
"const uint8_t MASK[16] = { 0xB2, 0xCE, 0x7D, 0x1C, 0x3C, 0xB1, 0x33, 0xEF, 0x49, 0xEC, 0x87, 0xD2, 0xE1, 0xDB, 0x33, 0x38 };"
"const uint8_t FINAL_MASK[16] = { 0x73, 0x32, 0x9E, 0xB2, 0x28, 0xE3, 0x4A, 0xC5, 0xF0, 0x1C, 0xA1, 0xB5, 0xC2, 0xE7, 0x9B, 0xB9 };"
"const uint8_t MASK[16] = { 0x11, 0xDE, 0x5C, 0xC7, 0x1F, 0xD8, 0x6A, 0x8E, 0xF6, 0x2C, 0x55, 0xD8, 0x59, 0xD3, 0x12, 0x35 };"
"const uint8_t FINAL_MASK[16] = { 0xDF, 0x5E, 0xCE, 0x8E, 0x53, 0x27, 0xF3, 0xD2, 0xFC, 0x05, 0xF0, 0x1D, 0xDB, 0xD6, 0xD2, 0xAD };"
"const uint8_t MASK[16] = { 0x23, 0xEA, 0x65, 0x9E, 0xBD, 0xBA, 0x1E, 0xA3, 0x53, 0x69, 0x31, 0x66, 0xD5, 0x35, 0xB8, 0x62 };"
"const uint8_t FINAL_MASK[16] = { 0xBA, 0x25, 0x70, 0x1C, 0x10, 0xE5, 0x0F, 0x09, 0x33, 0x73, 0xBB, 0x3B, 0x9A, 0xCD, 0xCA, 0x09 };"
"const uint8_t MASK[16] = { 0xBB, 0x99, 0x08, 0x04, 0xEE, 0x2B, 0x19, 0x76, 0x15, 0x39, 0x40, 0x08, 0x9D, 0x10, 0xC6, 0x1F };"
"const uint8_t FINAL_MASK[16] = { 0x17, 0xFB, 0x54, 0x56, 0x4A, 0x2B, 0xD3, 0x1F, 0x34, 0xC3, 0xBE, 0x48, 0x26, 0x10, 0x96, 0x61 };"
"const uint8_t MASK[16] = { 0xE8, 0x28, 0x6C, 0x5F, 0xF7, 0x23, 0x59, 0xAA, 0x98, 0x23, 0x0E, 0xE1, 0x20, 0x5B, 0x0D, 0xA4 };"
"const uint8_t FINAL_MASK[16] = { 0x85, 0xD5, 0x49, 0x6E, 0x88, 0x7A, 0xE0, 0x85, 0x42, 0x8B, 0x52, 0xE0, 0x64, 0xE6, 0xB0, 0x07 };"
"const uint8_t MASK[16] = { 0xFA, 0x53, 0x17, 0x1C, 0x04, 0x46, 0x87, 0x49, 0x35, 0x9F, 0x44, 0x3D, 0x56, 0xF0, 0x43, 0xD2 };"
"const uint8_t FINAL_MASK[16] = { 0x7F, 0x07, 0x55, 0x9B, 0x64, 0x96, 0xED, 0x5B, 0x6D, 0xD7, 0xCD, 0xC1, 0xD8, 0x60, 0xFD, 0xC7 };"
"const uint8_t MASK[16] = { 0xF3, 0xF5, 0x17, 0xCD, 0xC4, 0x30, 0x14, 0x72, 0x34, 0x36, 0x9C, 0x9A, 0xBF, 0x9D, 0xC5, 0x1D };"
"const uint8_t FINAL_MASK[16] = { 0x15, 0x7F, 0x72, 0x07, 0x97, 0xB2, 0x11, 0xA4, 0x6A, 0xA3, 0x87, 0xB7, 0x9C, 0xF0, 0x5D, 0xF9 };"
"const uint8_t MASK[16] = { 0xC0, 0x03, 0x13, 0x3F, 0x2B, 0xBD, 0xB2, 0x4E, 0x9A, 0x97, 0x96, 0xD2, 0x7E, 0x6B, 0x4B, 0x9B };"
"const uint8_t FINAL_MASK[16] = { 0xF9, 0x94, 0x7D, 0x1D, 0xD9, 0x7E, 0x89, 0x9F, 0x63, 0x78, 0x15, 0x32, 0x72, 0xB8, 0x20, 0xB7 };"
"const uint8_t MASK[16] = { 0x58, 0x77, 0xA3, 0x18, 0x25, 0xFC, 0x26, 0x07, 0xAD, 0x71, 0xDD, 0xFD, 0x02, 0x58, 0x5E, 0x0D };"
"const uint8_t FINAL_MASK[16] = { 0x8A, 0x8C, 0x8E, 0xC6, 0xAC, 0xDF, 0xC8, 0x0B, 0x45, 0x0F, 0x6F, 0x7C, 0xDA, 0x98, 0xDF, 0xF4 };"
"const uint8_t MASK[16] = { 0xB5, 0x95, 0xA2, 0xC5, 0x60, 0x89, 0x11, 0x08, 0xC0, 0x71, 0x2D, 0xCE, 0xAF, 0xA0, 0xBB, 0x10 };"
"const uint8_t FINAL_MASK[16] = { 0xB2, 0xE8, 0xF1, 0x0A, 0x2B, 0x80, 0x57, 0x15, 0x2F, 0xA6, 0xB2, 0x72, 0xD0, 0x91, 0x2E, 0xCF };"
"const uint8_t MASK[16] = { 0xEA, 0xF7, 0x93, 0x71, 0x81, 0x81, 0xAB, 0x1F, 0xF5, 0x2C, 0x4B, 0xF8, 0x28, 0x4B, 0x20, 0xD5 };"
"const uint8_t FINAL_MASK[16] = { 0x7E, 0x3C, 0xED, 0x7D, 0x5B, 0xB0, 0xCF, 0x71, 0x20, 0x4D, 0x3C, 0xF3, 0x5A, 0xA3, 0x9D, 0xBF };"
"const uint8_t MASK[16] = { 0xA7, 0xD8, 0x79, 0x61, 0x40, 0x09, 0xEF, 0xA0, 0x80, 0xEB, 0xF8, 0xDD, 0xD1, 0x54, 0xA2, 0x62 };"
"const uint8_t FINAL_MASK[16] = { 0xB7, 0xA3, 0x2C, 0x70, 0xA3, 0x5C, 0x7A, 0x0D, 0xC9, 0x48, 0x46, 0x81, 0x83, 0xC8, 0x23, 0xA4 };"
"const uint8_t MASK[16] = { 0x3D, 0x3E, 0x1D, 0xA3, 0xDA, 0xFC, 0x56, 0x07, 0x9F, 0xA5, 0x76, 0xAB, 0x01, 0x12, 0x1F, 0xCE };"
"const uint8_t FINAL_MASK[16] = { 0x60, 0x57, 0x54, 0x53, 0xA2, 0x02, 0xA7, 0x9C, 0x5B, 0x65, 0x31, 0x5B, 0x9A, 0xD6, 0x85, 0x44 };"
"const uint8_t MASK[16] = { 0xAD, 0x40, 0x95, 0x7E, 0x58, 0x7A, 0x8E, 0x75, 0xAB, 0xE1, 0x2B, 0x5F, 0xD7, 0x20, 0x8F, 0xB6 };"
"const uint8_t FINAL_MASK[16] = { 0x52, 0x17, 0x0C, 0x09, 0x1B, 0x88, 0x35, 0xD4, 0xFA, 0x01, 0xF0, 0xC8, 0x99, 0x24, 0x96, 0xB7 };"
"const uint8_t MASK[16] = { 0xDF, 0xAE, 0xE8, 0x26, 0xEC, 0xEB, 0x09, 0xE5, 0xE1, 0x6F, 0x4C, 0x3D, 0x94, 0x28, 0xD2, 0x15 };"
"const uint8_t FINAL_MASK[16] = { 0xB6, 0xFD, 0xB1, 0x7C, 0x30, 0xAF, 0x42, 0xF2, 0x2F, 0xC4, 0x4E, 0x42, 0x76, 0xE2, 0x8E, 0x10 };"
"const uint8_t MASK[16] = { 0x65, 0x29, 0x1F, 0x7E, 0xEB, 0x70, 0xA7, 0xA3, 0xCB, 0x99, 0x67, 0x65, 0xE5, 0x79, 0xD7, 0x76 };"
"const uint8_t FINAL_MASK[16] = { 0x30, 0xCC, 0x28, 0xD0, 0x93, 0x49, 0xAA, 0xDA, 0xF0, 0xE6, 0x48, 0xD4, 0x21, 0xF5, 0x16, 0x2F };"
"const uint8_t MASK[16] = { 0xB9, 0xC4, 0x48, 0xF9, 0xFE, 0x19, 0xD5, 0x71, 0x25, 0xB6, 0xCB, 0x4C, 0x9E, 0x4F, 0x36, 0xD8 };"
"const uint8_t FINAL_MASK[16] = { 0xF3, 0x2D, 0xEA, 0xDD, 0xD8, 0x3E, 0xBF, 0xCF, 0x81, 0x81, 0xCB, 0x8E, 0xCD, 0xF5, 0x83, 0x1D };"
"const uint8_t MASK[16] = { 0xE4, 0xC6, 0x5C, 0x29, 0xAB, 0xA3, 0xC8, 0xDF, 0xC7, 0xCE, 0xDE, 0x1D, 0x53, 0x84, 0x34, 0x1A };"
"const uint8_t FINAL_MASK[16] = { 0x56, 0xF3, 0x51, 0x98, 0x2C, 0x31, 0x9A, 0xF9, 0xC5, 0xE0, 0x4C, 0xD3, 0x6E, 0xE1, 0x3C, 0x41 };"
"const uint8_t MASK[16] = { 0x65, 0x42, 0x04, 0x7C, 0xE8, 0xDC, 0xA1, 0x3F, 0x24, 0xDB, 0x89, 0x3B, 0x67, 0x98, 0x88, 0x00 };"
"const uint8_t FINAL_MASK[16] = { 0xCC, 0x05, 0xF3, 0xE1, 0x60, 0x75, 0x79, 0xD4, 0x64, 0x64, 0x9B, 0xE6, 0x76, 0x1B, 0x32, 0x8F };"
"const uint8_t MASK[16] = { 0x5E, 0x24, 0x5B, 0x3A, 0xD6, 0x1F, 0xC6, 0x5D, 0x0F, 0xC7, 0x07, 0x21, 0x49, 0x09, 0x08, 0x58 };"
"const uint8_t FINAL_MASK[16] = { 0xE4, 0x5E, 0xD9, 0x49, 0x39, 0xFF, 0xB2, 0x14, 0x4C, 0xF4, 0x3D, 0x04, 0xF1, 0x9F, 0xB1, 0x42 };"
"const uint8_t MASK[16] = { 0xD9, 0xDD, 0x6D, 0x54, 0x31, 0xBD, 0x7A, 0xE3, 0x3E, 0xDA, 0xB7, 0xDB, 0x19, 0x8C, 0x93, 0x92 };"
"const uint8_t FINAL_MASK[16] = { 0x81, 0xB3, 0x0F, 0x84, 0x40, 0xE9, 0x64, 0x8E, 0xDA, 0x53, 0x21, 0xFF, 0xC7, 0xCF, 0xEC, 0x37 };"
"const uint8_t MASK[16] = { 0xBB, 0xE4, 0xB2, 0x16, 0xCF, 0xE5, 0x92, 0xA3, 0xFE, 0x46, 0x70, 0x66, 0x54, 0xA9, 0x16, 0x29 };"
"const uint8_t FINAL_MASK[16] = { 0xC8, 0xE5, 0xB8, 0x65, 0xD2, 0x9F, 0x92, 0xEE, 0xD5, 0xD3, 0x89, 0xD8, 0x21, 0xA7, 0xB6, 0x48 };"
"const uint8_t MASK[16] = { 0x97, 0x0C, 0x6E, 0x4E, 0xBD, 0xC9, 0xF8, 0xCD, 0xC5, 0xA6, 0xA2, 0x5C, 0xB5, 0x37, 0x3A, 0x57 };"
"const uint8_t FINAL_MASK[16] = { 0x22, 0x2C, 0xC4, 0x5B, 0xFF, 0xB5, 0x85, 0x2C, 0x5E, 0x95, 0x16, 0x06, 0x26, 0x5F, 0x56, 0x48 };"
"const uint8_t MASK[16] = { 0x84, 0x8D, 0x25, 0x98, 0xB8, 0x9B, 0xCA, 0x17, 0x72, 0xBD, 0x32, 0xD4, 0x25, 0xAA, 0x4A, 0x9B };"
"const uint8_t FINAL_MASK[16] = { 0xE1, 0xCB, 0xFA, 0x1D, 0x03, 0xE2, 0xF2, 0x01, 0x07, 0x21, 0xCD, 0xED, 0x20, 0xA3, 0x4D, 0x8F };"
"const uint8_t MASK[16] = { 0x59, 0x80, 0xAC, 0xC4, 0xD5, 0xCE, 0x50, 0x34, 0x70, 0xEA, 0xDF, 0x08, 0x6B, 0xDC, 0xA5, 0x8F };"
"const uint8_t FINAL_MASK[16] = { 0x11, 0x52, 0x88, 0x2C, 0xF4, 0x63, 0xE9, 0x81, 0xB0, 0x37, 0x1E, 0x1B, 0x41, 0xF4, 0xC0, 0xE7 };"
"const uint8_t MASK[16] = { 0x51, 0x98, 0xB2, 0xD4, 0x00, 0xB0, 0x44, 0x9C, 0x60, 0x86, 0x12, 0x41, 0xE2, 0xF4, 0xA5, 0x44 };"
"const uint8_t FINAL_MASK[16] = { 0xDE, 0x57, 0x51, 0x65, 0x8E, 0xA0, 0x98, 0xE2, 0x3D, 0xA2, 0xEC, 0xE0, 0xAD, 0xAE, 0x50, 0x3F };"
"const uint8_t MASK[16] = { 0xE4, 0x33, 0x6C, 0x27, 0x68, 0xD6, 0xCB, 0xAE, 0x2F, 0xEA, 0x4B, 0x5D, 0x5C, 0x8B, 0x3A, 0x8C };"
"const uint8_t FINAL_MASK[16] = { 0x0D, 0x27, 0x69, 0x3B, 0xA0, 0x10, 0x47, 0x15, 0xB9, 0x02, 0x9E, 0x66, 0x8C, 0xFA, 0x35, 0x66 };"
"const uint8_t MASK[16] = { 0x3E, 0x8B, 0x26, 0x79, 0x08, 0x7D, 0x30, 0x1E, 0xD9, 0xE9, 0x11, 0x52, 0x42, 0x7E, 0x27, 0x78 };"
"const uint8_t FINAL_MASK[16] = { 0xA8, 0xC6, 0xEF, 0xDB, 0xE0, 0xFD, 0x4B, 0xBB, 0x9B, 0x7A, 0x62, 0x43, 0x5E, 0x96, 0x49, 0x77 };"
"const uint8_t MASK[16] = { 0x65, 0xCE, 0xFB, 0x8E, 0x0B, 0xCF, 0xB6, 0x6D, 0xC3, 0x14, 0x4C, 0x5F, 0xED, 0xC3, 0x35, 0xFC };"
"const uint8_t FINAL_MASK[16] = { 0x84, 0x39, 0x41, 0xA0, 0xA6, 0x0F, 0x86, 0xCE, 0xE5, 0x13, 0x47, 0x92, 0x4D, 0xF7, 0x5F, 0xA9 };"
"const uint8_t MASK[16] = { 0xE9, 0xB7, 0x79, 0x61, 0x8F, 0xA1, 0x6A, 0x34, 0xCC, 0x59, 0x85, 0xBD, 0x3C, 0xB8, 0xD2, 0x0C };"
"const uint8_t FINAL_MASK[16] = { 0x41, 0xC7, 0x94, 0xCB, 0x67, 0x9B, 0x0A, 0x45, 0x1B, 0x2D, 0x57, 0xE0, 0x0A, 0x2D, 0xC5, 0xC6 };"
"const uint8_t MASK[16] = { 0x07, 0xBB, 0x0F, 0xC9, 0xE9, 0x72, 0x2B, 0x09, 0x63, 0xF5, 0x67, 0x15, 0x9D, 0xA9, 0x32, 0x38 };"
"const uint8_t FINAL_MASK[16] = { 0x41, 0xE0, 0xD8, 0xFC, 0x3F, 0xCD, 0xF3, 0xD7, 0xE3, 0xBE, 0xC3, 0x12, 0xBC, 0xF3, 0x90, 0x60 };"
"const uint8_t MASK[16] = { 0x2A, 0xF9, 0x2A, 0x2F, 0x86, 0x34, 0x8C, 0x4C, 0x29, 0x3C, 0xE4, 0x52, 0x84, 0x50, 0x7C, 0x0F };"
"const uint8_t FINAL_MASK[16] = { 0x00, 0x0E, 0x85, 0x4C, 0x66, 0x90, 0x24, 0x35, 0x08, 0x6F, 0xCE, 0x37, 0xB8, 0x7E, 0x9A, 0xE1 };"
"const uint8_t MASK[16] = { 0x1A, 0x05, 0x00, 0x73, 0xED, 0x96, 0xF1, 0xFF, 0x35, 0x61, 0xA2, 0x43, 0x5A, 0xD9, 0xF1, 0xF6 };"
"const uint8_t FINAL_MASK[16] = { 0xF7, 0xE6, 0xF6, 0xD4, 0x95, 0xCE, 0xE7, 0xD1, 0x83, 0xE9, 0x5A, 0xCF, 0xCD, 0x8D, 0x97, 0x7F };"
"const uint8_t MASK[16] = { 0x9F, 0x73, 0xA6, 0xB6, 0x41, 0x5F, 0x94, 0x11, 0xF1, 0x3C, 0x34, 0xFB, 0xA1, 0xB2, 0x6F, 0x53 };"
"const uint8_t FINAL_MASK[16] = { 0x60, 0x4B, 0x36, 0xFD, 0xA1, 0x8C, 0x5B, 0x30, 0xCD, 0xBB, 0x34, 0xE7, 0x06, 0x7E, 0x0E, 0x36 };"
"const uint8_t MASK[16] = { 0x22, 0xB8, 0x7C, 0xD5, 0xDC, 0xFF, 0x37, 0x11, 0xB0, 0xDD, 0x66, 0xFD, 0x38, 0x8A, 0x41, 0xFD };"
"const uint8_t FINAL_MASK[16] = { 0x41, 0x76, 0x04, 0x28, 0xD8, 0xC5, 0xA4, 0x85, 0xEE, 0x72, 0x3F, 0x6A, 0xBE, 0xEC, 0xD6, 0x19 };"
"const uint8_t MASK[16] = { 0x8F, 0xD6, 0xE9, 0x2F, 0x3A, 0xCA, 0x97, 0x4A, 0xEE, 0x20, 0x8E, 0x3A, 0xB0, 0xA1, 0xCD, 0x46 };"
"const uint8_t FINAL_MASK[16] = { 0x80, 0x0D, 0x8A, 0xE4, 0xCB, 0xEE, 0x3B, 0x17, 0x96, 0x1A, 0x75, 0x4E, 0x88, 0xB9, 0x0E, 0x9E };"
"const uint8_t MASK[16] = { 0x82, 0x9A, 0x5A, 0x23, 0x0F, 0x3F, 0x26, 0xA3, 0xDC, 0xE4, 0x11, 0x4D, 0xF6, 0x14, 0xB2, 0xC2 };"
"const uint8_t FINAL_MASK[16] = { 0xAA, 0x44, 0x8B, 0x98, 0xA3, 0x68, 0x4C, 0x28, 0xAC, 0x0F, 0x74, 0xCB, 0x3A, 0xB3, 0xBA, 0x70 };"
"const uint8_t MASK[16] = { 0x99, 0x27, 0xEA, 0x7E, 0xC6, 0x9D, 0xC3, 0x3E, 0x41, 0xF3, 0xD8, 0x6B, 0x2E, 0xC7, 0x00, 0x0B };"
"const uint8_t FINAL_MASK[16] = { 0x56, 0x14, 0x0D, 0xF8, 0x1C, 0xE3, 0xC6, 0x12, 0x48, 0x2B, 0xEC, 0xD2, 0xE4, 0xEB, 0x6D, 0x85 };"
"const uint8_t MASK[16] = { 0xD8, 0x9C, 0x95, 0x58, 0x65, 0x3D, 0x1E, 0x02, 0x3D, 0x23, 0x5A, 0x32, 0xB3, 0x59, 0xBF, 0xAA };"
"const uint8_t FINAL_MASK[16] = { 0x06, 0x7C, 0x54, 0xC9, 0x0B, 0xAC, 0x34, 0x80, 0x52, 0xEB, 0x44, 0x7A, 0xDD, 0xA6, 0x55, 0x96 };"
"const uint8_t MASK[16] = { 0x20, 0xE5, 0xB1, 0x03, 0x75, 0x14, 0x7E, 0x26, 0x39, 0xE2, 0x0C, 0x53, 0x91, 0x70, 0x1E, 0xE5 };"
"const uint8_t FINAL_MASK[16] = { 0x11, 0x83, 0xCC, 0x46, 0x34, 0x86, 0x16, 0x9A, 0xFA, 0x52, 0x33, 0xC6, 0x94, 0x10, 0xC2, 0xF2 };"
"const uint8_t MASK[16] = { 0xFF, 0xD2, 0xE6, 0x5F, 0x41, 0x1B, 0x60, 0x1B, 0x6A, 0xAC, 0xF3, 0x40, 0xEB, 0x2A, 0x9E, 0x71 };"
"const uint8_t FINAL_MASK[16] = { 0xDF, 0xE5, 0xD2, 0x20, 0xC4, 0x3C, 0xE2, 0xDC, 0x0E, 0x4B, 0x29, 0x4A, 0x51, 0x20, 0x64, 0x3D };"
"const uint8_t MASK[16] = { 0xB0, 0xC1, 0xD2, 0xDA, 0xBF, 0x91, 0x9B, 0xAD, 0x23, 0xFE, 0xE1, 0x91, 0x70, 0x1B, 0x14, 0xC0 };"
"const uint8_t FINAL_MASK[16] = { 0x18, 0x96, 0x9E, 0xE0, 0x00, 0x16, 0x88, 0x43, 0xBE, 0x30, 0xDD, 0x04, 0x8E, 0x5A, 0x54, 0xED };"
"const uint8_t MASK[16] = { 0xAE, 0xA6, 0x36, 0x28, 0x22, 0xD8, 0x4C, 0x3B, 0xB3, 0xD0, 0x18, 0xDA, 0x2C, 0x2D, 0x13, 0x2A };"
"const uint8_t FINAL_MASK[16] = { 0xA6, 0x84, 0xFA, 0x35, 0x23, 0x1B, 0x23, 0x9C, 0x97, 0xA7, 0x44, 0xAF, 0x71, 0x88, 0xCF, 0x68 };"
"const uint8_t MASK[16] = { 0x5E, 0xEE, 0x14, 0x1B, 0xA7, 0x7F, 0x58, 0xAA, 0xE5, 0x10, 0xD2, 0x99, 0xBC, 0x16, 0x43, 0x68 };"
"const uint8_t FINAL_MASK[16] = { 0x18, 0x49, 0x62, 0xA1, 0x6A, 0x25, 0xA7, 0xA2, 0xB2, 0xDF, 0xD0, 0x81, 0xCE, 0xD9, 0x0C, 0x8B };"
"const uint8_t MASK[16] = { 0x42, 0xFA, 0x9B, 0x7B, 0x97, 0x69, 0x94, 0x0D, 0x13, 0xAA, 0x96, 0x2F, 0x5A, 0x48, 0xA2, 0x0B };"
"const uint8_t FINAL_MASK[16] = { 0x74, 0xA3, 0x65, 0x3A, 0x3C, 0xF5, 0xC8, 0x06, 0xBD, 0x99, 0x0D, 0x8A, 0x77, 0xE7, 0xDB, 0x58 };"
"const uint8_t MASK[16] = { 0x84, 0xE9, 0xAC, 0xE7, 0xBA, 0x37, 0x71, 0xC1, 0xAE, 0xF2, 0x93, 0x62, 0x77, 0x28, 0x89, 0x2B };"
"const uint8_t FINAL_MASK[16] = { 0x43, 0x61, 0xDF, 0x5D, 0x5A, 0x60, 0x42, 0x1A, 0x2C, 0x53, 0xD3, 0xF6, 0x6A, 0x81, 0x0C, 0x7C };"
"const uint8_t MASK[16] = { 0xEE, 0x2A, 0x8C, 0x2A, 0x99, 0xF7, 0xF1, 0x52, 0xD5, 0x60, 0x46, 0xE0, 0x66, 0x07, 0x2B, 0xA1 };"
"const uint8_t FINAL_MASK[16] = { 0x1D, 0xE3, 0xF0, 0x43, 0x41, 0x6E, 0x98, 0x61, 0xEA, 0xAD, 0x81, 0xE6, 0xD8, 0x8A, 0xEA, 0xD5 };"
"const uint8_t MASK[16] = { 0x63, 0x46, 0x7D, 0x7A, 0xF0, 0x40, 0xC7, 0x1C, 0xD9, 0x85, 0xEA, 0x38, 0xE2, 0x3A, 0x4F, 0x20 };"
"const uint8_t FINAL_MASK[16] = { 0x5B, 0xD2, 0x80, 0x05, 0xAF, 0x2D, 0x96, 0x6B, 0x6E, 0x78, 0xAB, 0xE5, 0x7C, 0x4D, 0xEE, 0x60 };"
"const uint8_t MASK[16] = { 0x72, 0x1B, 0xE3, 0x5B, 0xAC, 0x9C, 0x44, 0x80, 0x16, 0x09, 0x53, 0x7C, 0x9F, 0x4E, 0xCB, 0x17 };"
"const uint8_t FINAL_MASK[16] = { 0x5E, 0x63, 0x8A, 0x4D, 0xF2, 0xC5, 0xCC, 0xCD, 0xA2, 0xDF, 0xA3, 0xAA, 0x92, 0xFF, 0x3A, 0x00 };"
"const uint8_t MASK[16] = { 0xCF, 0x12, 0x64, 0x29, 0x23, 0x9C, 0xA5, 0x01, 0x8A, 0xE4, 0xFB, 0x36, 0xD6, 0x28, 0x06, 0xFC };"
"const uint8_t FINAL_MASK[16] = { 0x37, 0xFC, 0x61, 0x61, 0x12, 0x8B, 0xCA, 0x6B, 0x7E, 0x05, 0xE7, 0xE5, 0x1A, 0xB6, 0xDA, 0xF4 };"
"const uint8_t MASK[16] = { 0xDE, 0xC3, 0x98, 0x18, 0x12, 0xE8, 0x89, 0x4D, 0x9A, 0x0D, 0xF6, 0x2E, 0x9B, 0x99, 0x2A, 0x25 };"
"const uint8_t FINAL_MASK[16] = { 0x36, 0xA1, 0x7E, 0xE1, 0xD3, 0x6D, 0xC4, 0xCF, 0x17, 0xFC, 0xB9, 0x33, 0xDC, 0x3A, 0x23, 0xB2 };"
"const uint8_t MASK[16] = { 0x74, 0x91, 0x98, 0xB3, 0xA8, 0xDF, 0xB5, 0xB4, 0x80, 0x59, 0xBF, 0x23, 0xAB, 0x13, 0x21, 0x9A };"
"const uint8_t FINAL_MASK[16] = { 0x75, 0xCD, 0x50, 0xAE, 0xB2, 0xBD, 0xC1, 0x11, 0x54, 0x73, 0x44, 0xCA, 0x0C, 0x4B, 0xDB, 0x89 };"
"const uint8_t MASK[16] = { 0xEB, 0x94, 0x2C, 0x7F, 0x6B, 0xCD, 0xD8, 0xD2, 0xCA, 0xD5, 0x6A, 0xAA, 0xF9, 0x77, 0x59, 0xF5 };"
"const uint8_t FINAL_MASK[16] = { 0xB6, 0xB3, 0x37, 0xAE, 0xD8, 0x0D, 0x71, 0x92, 0xA2, 0x1E, 0x0B, 0x30, 0x76, 0x23, 0xDD, 0x81 };"
"const uint8_t MASK[16] = { 0x6D, 0x4D, 0x08, 0x09, 0x1D, 0xE3, 0x8B, 0x8B, 0x5D, 0xE8, 0xBA, 0xA7, 0xC1, 0x4D, 0x3C, 0xBA };"
"const uint8_t FINAL_MASK[16] = { 0x6A, 0xDE, 0xB6, 0xE8, 0x81, 0x6D, 0x65, 0xB0, 0x0D, 0x09, 0xDE, 0xCE, 0x4E, 0xD4, 0xBA, 0x29 };"
"const uint8_t MASK[16] = { 0x8B, 0xFE, 0x5C, 0x3C, 0xC4, 0x1E, 0xD1, 0xBA, 0x8C, 0xD5, 0xC0, 0xCF, 0x3E, 0x68, 0xBA, 0x2D };"
"const uint8_t FINAL_MASK[16] = { 0x9B, 0x7F, 0xA0, 0xEF, 0xE2, 0x10, 0xD8, 0x93, 0xAF, 0x8B, 0x12, 0x91, 0x50, 0x17, 0xCD, 0x1D };"
"const uint8_t MASK[16] = { 0xAD, 0x0A, 0x7B, 0x60, 0x5A, 0x21, 0xA9, 0x23, 0xC1, 0xDB, 0xAB, 0x66, 0x51, 0xFE, 0x60, 0x6A };"
"const uint8_t FINAL_MASK[16] = { 0x8B, 0x12, 0x6D, 0x01, 0xD3, 0xDE, 0x21, 0x08, 0x5A, 0xF9, 0x37, 0xF8, 0x7D, 0xD7, 0xF1, 0x14 };"
"const uint8_t MASK[16] = { 0x41, 0xC1, 0x1C, 0x7D, 0x98, 0xCF, 0x14, 0x33, 0xEB, 0x88, 0x87, 0x06, 0x5C, 0xA4, 0x1B, 0x08 };"
"const uint8_t FINAL_MASK[16] = { 0x21, 0x61, 0x9C, 0x7C, 0x62, 0x8E, 0x31, 0xE4, 0x2E, 0xE4, 0x0B, 0xE6, 0x72, 0x9E, 0x31, 0x8C };"
"const uint8_t MASK[16] = { 0xC2, 0x79, 0xD9, 0xDA, 0x59, 0x7C, 0x5C, 0x8E, 0x75, 0x33, 0xA7, 0xE6, 0x3C, 0xBE, 0x14, 0x49 };"
"const uint8_t FINAL_MASK[16] = { 0x4D, 0xC0, 0x64, 0xBA, 0xE9, 0xFA, 0xA8, 0xC9, 0x22, 0xC8, 0xED, 0xB9, 0xF7, 0x1A, 0xFD, 0x6D };"
"const uint8_t MASK[16] = { 0x26, 0x24, 0xB7, 0x2A, 0x1E, 0x89, 0xE8, 0x8A, 0xCD, 0xFD, 0x9A, 0xE7, 0x0E, 0xEB, 0xE0, 0xFC };"
"const uint8_t FINAL_MASK[16] = { 0x55, 0x93, 0xD0, 0xD3, 0xA8, 0x5C, 0x97, 0x05, 0x66, 0xE5, 0x96, 0x78, 0xF1, 0xF8, 0x68, 0xBC };"
"const uint8_t MASK[16] = { 0x95, 0xDE, 0x0D, 0xAC, 0x5C, 0x0F, 0xF7, 0xB0, 0x69, 0x45, 0x43, 0x21, 0x01, 0x04, 0x5B, 0xFD };"
"const uint8_t FINAL_MASK[16] = { 0x04, 0x71, 0x5D, 0x4A, 0x42, 0x1E, 0x10, 0xD7, 0xE1, 0xCA, 0x47, 0x62, 0x5B, 0x10, 0x03, 0xF1 };"
"const uint8_t MASK[16] = { 0xCC, 0xB6, 0xD5, 0x5A, 0xB3, 0xB3, 0x88, 0x67, 0xC3, 0xB4, 0xCD, 0x1F, 0xA6, 0x67, 0x59, 0x31 };"
"const uint8_t FINAL_MASK[16] = { 0x84, 0xA7, 0x68, 0x33, 0xBA, 0x4D, 0xB7, 0x76, 0xD6, 0x8C, 0x5B, 0xA0, 0xF8, 0x5A, 0x74, 0x35 };"
"const uint8_t MASK[16] = { 0x80, 0x4D, 0xE5, 0xCD, 0x2D, 0x87, 0x08, 0x01, 0x76, 0x29, 0xA9, 0xA8, 0xB0, 0x7D, 0x8B, 0xA9 };"
"const uint8_t FINAL_MASK[16] = { 0xFE, 0x08, 0x88, 0x87, 0xD0, 0x26, 0x66, 0xC8, 0xC6, 0x3E, 0x8A, 0x5A, 0x84, 0x06, 0x15, 0x33 };"
"const uint8_t MASK[16] = { 0xA5, 0x50, 0x18, 0x17, 0xF3, 0x2C, 0x74, 0x93, 0x82, 0x05, 0x63, 0x19, 0xF6, 0x82, 0x94, 0x39 };"
"const uint8_t FINAL_MASK[16] = { 0x89, 0xDF, 0xF7, 0xAA, 0x3B, 0x94, 0x6D, 0xC2, 0xDE, 0x9E, 0xE1, 0xC7, 0x97, 0x2F, 0x8E, 0xB6 };"
"const uint8_t MASK[16] = { 0x22, 0x3B, 0x81, 0xE7, 0xCA, 0x5C, 0x32, 0x62, 0xEC, 0x34, 0x03, 0xE0, 0xDE, 0x80, 0x44, 0x24 };"
"const uint8_t FINAL_MASK[16] = { 0x80, 0xD1, 0xEB, 0xF4, 0x51, 0x1F, 0x87, 0xB0, 0x41, 0xBB, 0xC1, 0x38, 0x4C, 0x94, 0x4A, 0xD3 };"
"const uint8_t MASK[16] = { 0xE3, 0x66, 0x25, 0x6B, 0x91, 0x30, 0xAD, 0xCF, 0x1A, 0x04, 0x5B, 0x2F, 0x72, 0x97, 0x0D, 0x26 };"
"const uint8_t FINAL_MASK[16] = { 0x06, 0x7E, 0x23, 0x4B, 0x27, 0xE5, 0xD6, 0x08, 0x83, 0xC5, 0x31, 0x4B, 0xB8, 0xD8, 0x7E, 0xE8 };"
"const uint8_t MASK[16] = { 0xB9, 0xBC, 0x74, 0xD3, 0x80, 0x4A, 0xDC, 0xFB, 0xFA, 0x68, 0x72, 0x2B, 0x6E, 0xDD, 0x44, 0x3D };"
"const uint8_t FINAL_MASK[16] = { 0xAB, 0x3A, 0x4D, 0xB9, 0xD0, 0xA0, 0x43, 0x4E, 0x92, 0x88, 0xE0, 0xCA, 0xCD, 0xD0, 0x4D, 0x79 };"
"const uint8_t MASK[16] = { 0x80, 0x44, 0x89, 0xCE, 0xD4, 0xC9, 0x41, 0x65, 0x6B, 0xBF, 0x36, 0xA2, 0x8C, 0x6A, 0x14, 0xD2 };"
"const uint8_t FINAL_MASK[16] = { 0x8C, 0x7D, 0x98, 0xEE, 0xC3, 0xF5, 0x4F, 0x49, 0x79, 0x4C, 0x12, 0xAB, 0x0D, 0xB3, 0x51, 0x1B };"
"const uint8_t MASK[16] = { 0x3C, 0x88, 0x76, 0x98, 0x65, 0x28, 0xA2, 0xEE, 0x1A, 0x15, 0x2F, 0xA9, 0x23, 0xEC, 0xC6, 0x83 };"
"const uint8_t FINAL_MASK[16] = { 0xEE, 0x2A, 0xB1, 0x7E, 0xC0, 0xDB, 0x00, 0x52, 0x79, 0x87, 0x89, 0xA8, 0x1D, 0x32, 0xC0, 0xF9 };"
"const uint8_t MASK[16] = { 0xAC, 0xA1, 0xB5, 0x52, 0x81, 0xB4, 0x30, 0x54, 0x68, 0x3B, 0x2B, 0xA4, 0x71, 0x14, 0xB1, 0xDC };"
"const uint8_t FINAL_MASK[16] = { 0x9D, 0x5D, 0x88, 0x5E, 0x74, 0x05, 0x2B, 0x84, 0x81, 0xA5, 0x6F, 0xF5, 0x30, 0x90, 0x47, 0x2B };"
"const uint8_t MASK[16] = { 0x0D, 0x57, 0x97, 0x4D, 0x76, 0x67, 0xE8, 0x78, 0x44, 0xA7, 0x2C, 0x37, 0xCE, 0xE6, 0x5D, 0x16 };"
"const uint8_t FINAL_MASK[16] = { 0x2D, 0x52, 0x0E, 0x32, 0x0E, 0x30, 0x6F, 0x1D, 0x23, 0xE7, 0x18, 0x4E, 0xCB, 0x09, 0xA2, 0x9D };"
"const uint8_t MASK[16] = { 0xE8, 0xAA, 0xEE, 0xAC, 0x9A, 0x2B, 0xBF, 0x18, 0xCF, 0xB5, 0x8D, 0x4E, 0x1A, 0xE2, 0x1A, 0x7C };"
"const uint8_t FINAL_MASK[16] = { 0x8B, 0x5F, 0x28, 0x1F, 0xDA, 0xE0, 0xC9, 0x39, 0xDF, 0xFD, 0x0C, 0x39, 0x65, 0x4D, 0x37, 0x4C };"
"const uint8_t MASK[16] = { 0x9F, 0x5D, 0xC4, 0x0C, 0x1D, 0xD2, 0xA4, 0x59, 0x63, 0x0B, 0x32, 0x95, 0x3D, 0x48, 0xEE, 0x19 };"
"const uint8_t FINAL_MASK[16] = { 0x50, 0xDF, 0x99, 0x8C, 0x8B, 0xCE, 0xDC, 0x9E, 0x1F, 0x90, 0x04, 0x35, 0xC4, 0xCC, 0xEF, 0x6D };"
"const uint8_t MASK[16] = { 0x64, 0xB1, 0x30, 0x6F, 0xFC, 0x4C, 0xAB, 0x85, 0x11, 0xF4, 0x64, 0xF1, 0x7B, 0xA6, 0x62, 0x7A };"
"const uint8_t FINAL_MASK[16] = { 0xB2, 0xC6, 0xFA, 0xC7, 0xDD, 0x75, 0x5A, 0x82, 0x9E, 0xFE, 0xD1, 0xD7, 0x8C, 0x3D, 0x37, 0x36 };"
"const uint8_t MASK[16] = { 0x8E, 0x6B, 0x27, 0x31, 0x62, 0xE8, 0xAF, 0xEE, 0x41, 0x4C, 0x6A, 0x1F, 0xFC, 0x47, 0xD3, 0x0F };"
"const uint8_t FINAL_MASK[16] = { 0x1D, 0xB3, 0x27, 0x10, 0x36, 0xE5, 0xF3, 0xD8, 0x7B, 0x2A, 0x8F, 0xA1, 0x5F, 0xDD, 0xFE, 0x7F };"
"const uint8_t MASK[16] = { 0x0A, 0xAA, 0x47, 0xD2, 0xA3, 0x03, 0x5D, 0xB1, 0x98, 0x36, 0xFF, 0x4A, 0xA7, 0xD4, 0xEC, 0xDE };"
"const uint8_t FINAL_MASK[16] = { 0xD9, 0x5C, 0x89, 0x4D, 0xFC, 0x83, 0xE1, 0x5E, 0xD8, 0xC0, 0xFE, 0xFF, 0x2B, 0x6F, 0x2D, 0x2E };"
"const uint8_t MASK[16] = { 0x65, 0x8F, 0xA6, 0xF5, 0x07, 0x11, 0x2A, 0x64, 0x3C, 0xC7, 0x17, 0x0A, 0xEF, 0x55, 0x77, 0xB1 };"
"const uint8_t FINAL_MASK[16] = { 0xD9, 0x1C, 0x68, 0x6F, 0x7E, 0x27, 0x9D, 0x6A, 0xDD, 0xE2, 0xEE, 0x41, 0x58, 0x8C, 0xED, 0x8A };"
"const uint8_t MASK[16] = { 0x9A, 0x4B, 0xF4, 0x4D, 0xF8, 0x8E, 0xB4, 0x27, 0xB8, 0x04, 0xF3, 0x1F, 0xBA, 0x85, 0x5D, 0x47 };"
"const uint8_t FINAL_MASK[16] = { 0xFD, 0x34, 0x82, 0x5D, 0x66, 0x40, 0xF8, 0x11, 0x44, 0x95, 0x61, 0x34, 0x75, 0xB9, 0x1E, 0x32 };"
"const uint8_t MASK[16] = { 0x4B, 0x91, 0xF0, 0x63, 0x89, 0x80, 0xEB, 0x60, 0x32, 0xE1, 0xA6, 0x76, 0xFC, 0x3B, 0xA7, 0xC2 };"
"const uint8_t FINAL_MASK[16] = { 0x6A, 0x27, 0x9C, 0xB5, 0x3F, 0x50, 0xE9, 0x34, 0x35, 0x06, 0x5E, 0xBF, 0x69, 0x0A, 0xB0, 0x5A };"
"const uint8_t MASK[16] = { 0x2F, 0x0E, 0xE6, 0xF7, 0x7F, 0xED, 0xD8, 0xA5, 0x12, 0xE8, 0x69, 0x15, 0x32, 0xFC, 0xD3, 0xE3 };"
"const uint8_t FINAL_MASK[16] = { 0x68, 0xCF, 0x4C, 0x16, 0x34, 0x39, 0x20, 0x11, 0xD9, 0xED, 0x8D, 0x39, 0x0F, 0x54, 0x31, 0xC8 };"
"const uint8_t MASK[16] = { 0x4A, 0x1B, 0x57, 0xCC, 0x97, 0xB7, 0xB3, 0x42, 0x20, 0x83, 0xBD, 0xE7, 0xFF, 0x80, 0x4E, 0x1E };"
"const uint8_t FINAL_MASK[16] = { 0x63, 0xC2, 0xBE, 0x5C, 0x61, 0x74, 0x45, 0x33, 0x1E, 0xCB, 0x40, 0xE3, 0x78, 0x28, 0xFA, 0x51 };"
"const uint8_t MASK[16] = { 0xDA, 0xB1, 0x92, 0xEB, 0x00, 0xB8, 0xE9, 0x2F, 0x5C, 0x54, 0x0A, 0x95, 0x4E, 0x23, 0x1F, 0x1E };"
"const uint8_t FINAL_MASK[16] = { 0x67, 0xF5, 0xFD, 0x68, 0x26, 0x26, 0x27, 0x4B, 0x3F, 0xFA, 0x4C, 0x5C, 0x0A, 0x10, 0x7D, 0x84 };"
"const uint8_t MASK[16] = { 0xF9, 0xF3, 0xA9, 0xAA, 0x35, 0x59, 0x53, 0x5A, 0x08, 0xD4, 0x06, 0xE0, 0x2B, 0x5E, 0x14, 0x1A };"
"const uint8_t FINAL_MASK[16] = { 0xF0, 0x18, 0x94, 0x0B, 0xF4, 0xCD, 0x56, 0x4E, 0x30, 0xA5, 0xC7, 0x3B, 0xCE, 0x51, 0xC7, 0x62 };"
"const uint8_t MASK[16] = { 0xB9, 0x08, 0x04, 0x11, 0xC5, 0x18, 0xB5, 0x63, 0x1A, 0xDB, 0x5F, 0x12, 0x88, 0xC4, 0xDB, 0x8C };"
"const uint8_t FINAL_MASK[16] = { 0x4C, 0x0A, 0x2B, 0xA0, 0x35, 0x83, 0x0A, 0xE0, 0x62, 0x20, 0x0D, 0x86, 0x4D, 0x69, 0x61, 0xD4 };"
"const uint8_t MASK[16] = { 0x10, 0x36, 0xD0, 0x6C, 0x63, 0xF4, 0x3A, 0x4B, 0x84, 0x9F, 0x81, 0xF6, 0xB5, 0xD8, 0xEA, 0x0A };"
"const uint8_t FINAL_MASK[16] = { 0x1C, 0x9B, 0x93, 0x8E, 0x2F, 0xC6, 0x1D, 0x43, 0x49, 0x53, 0x6A, 0x49, 0x57, 0x3E, 0x8D, 0x43 };"
"const uint8_t MASK[16] = { 0x1A, 0xEA, 0x3D, 0xD5, 0x3E, 0x77, 0xD2, 0x47, 0x40, 0x03, 0xE7, 0x6B, 0xBB, 0x05, 0x17, 0xEC };"
"const uint8_t FINAL_MASK[16] = { 0xBB, 0x33, 0x36, 0xAF, 0xE9, 0x5A, 0xB3, 0x7A, 0x80, 0x42, 0x65, 0xF1, 0xC9, 0x46, 0xD8, 0x52 };"
"const uint8_t MASK[16] = { 0x01, 0xF0, 0x52, 0x6C, 0x05, 0x75, 0xEE, 0x2C, 0x79, 0x15, 0x6A, 0xC6, 0x2B, 0x6C, 0xA6, 0x2F };"
"const uint8_t FINAL_MASK[16] = { 0xE3, 0x6D, 0x79, 0x1A, 0xC5, 0xC1, 0x09, 0x43, 0x61, 0xC2, 0x0D, 0xAA, 0xC8, 0xAC, 0x98, 0x19 };"
"const uint8_t MASK[16] = { 0x4A, 0x5A, 0x52, 0x8D, 0x4E, 0x78, 0x7D, 0xEA, 0x4A, 0x15, 0x5F, 0x0A, 0x7E, 0x0E, 0x04, 0xB4 };"
"const uint8_t FINAL_MASK[16] = { 0xF9, 0x08, 0x40, 0x09, 0x86, 0xCB, 0x10, 0x85, 0x9F, 0x13, 0xCB, 0x4A, 0xD2, 0x1C, 0x33, 0xB0 };"
"const uint8_t MASK[16] = { 0xBB, 0x42, 0x7B, 0x89, 0xA7, 0x42, 0x24, 0xE2, 0x9F, 0x9B, 0x63, 0x53, 0xE3, 0xD5, 0xE0, 0x82 };"
"const uint8_t FINAL_MASK[16] = { 0x3A, 0x53, 0x8F, 0xFD, 0x91, 0x5A, 0x3F, 0xE2, 0x02, 0x24, 0x61, 0x73, 0x6B, 0xAB, 0xDB, 0x1A };"
"const uint8_t MASK[16] = { 0x52, 0xD8, 0x01, 0x66, 0xAD, 0xF9, 0x05, 0x66, 0x30, 0x24, 0x86, 0x60, 0x45, 0x6E, 0xDE, 0x91 };"
"const uint8_t FINAL_MASK[16] = { 0xDA, 0xEC, 0xB1, 0xAA, 0x26, 0xF1, 0x49, 0x0C, 0x80, 0x8F, 0x00, 0x03, 0x52, 0xD0, 0x4D, 0xC5 };"
"const uint8_t MASK[16] = { 0x2C, 0xBB, 0x81, 0xA5, 0xC9, 0x54, 0x89, 0xE3, 0xE2, 0xDC, 0x14, 0xF3, 0xC5, 0x03, 0x47, 0x2C };"
"const uint8_t FINAL_MASK[16] = { 0x6D, 0x5A, 0xE9, 0xCA, 0xC3, 0x38, 0x0C, 0x2A, 0x0F, 0x95, 0xA5, 0x12, 0x79, 0x44, 0xCE, 0x1B };"
"const uint8_t MASK[16] = { 0xA5, 0x78, 0xA8, 0x50, 0x68, 0x24, 0x96, 0x7C, 0x1F, 0x2B, 0xFE, 0xC5, 0x24, 0x2F, 0xAF, 0x2D };"
"const uint8_t FINAL_MASK[16] = { 0x19, 0x97, 0x21, 0xB7, 0xA8, 0xEF, 0x2A, 0xCC, 0x85, 0xC4, 0xAC, 0x48, 0xCD, 0xEB, 0xC5, 0x29 };"
"const uint8_t MASK[16] = { 0x0C, 0xA5, 0x60, 0xD3, 0x61, 0x98, 0x1C, 0xD7, 0xA7, 0xE2, 0x9C, 0xD1, 0xD2, 0xB3, 0x1D, 0xF0 };"
"const uint8_t FINAL_MASK[16] = { 0xF1, 0x4B, 0xE9, 0xF1, 0x96, 0xB1, 0x47, 0xB2, 0xDE, 0x19, 0xF6, 0x32, 0x9D, 0x40, 0x23, 0x7C };"
"const uint8_t MASK[16] = { 0x3F, 0x46, 0xE7, 0x6C, 0x58, 0xC7, 0x40, 0xD9, 0x94, 0x00, 0x71, 0x38, 0x71, 0x9E, 0x7D, 0x36 };"
"const uint8_t FINAL_MASK[16] = { 0xF3, 0xA8, 0x38, 0x05, 0xD2, 0x6A, 0xBE, 0x03, 0xF4, 0xBC, 0x14, 0x77, 0x40, 0xF2, 0xC1, 0x31 };"
"const uint8_t MASK[16] = { 0x76, 0x96, 0xE1, 0x23, 0x48, 0x23, 0x2A, 0xA1, 0x16, 0xB2, 0x7F, 0x21, 0xAE, 0x63, 0x1B, 0xD9 };"
"const uint8_t FINAL_MASK[16] = { 0x6B, 0x15, 0xA3, 0x0B, 0xFB, 0xC1, 0x8D, 0x23, 0x83, 0xA8, 0x3B, 0x3C, 0xEE, 0x38, 0x47, 0x26 };"
"const uint8_t MASK[16] = { 0x17, 0x32, 0xF4, 0xAF, 0x44, 0xA5, 0x81, 0x89, 0x04, 0x84, 0xC7, 0x40, 0xF0, 0x38, 0xC4, 0x01 };"
"const uint8_t FINAL_MASK[16] = { 0x58, 0x78, 0x24, 0x43, 0x08, 0x53, 0x13, 0x7E, 0xB0, 0x5D, 0xEB, 0x7C, 0xE3, 0x9F, 0x78, 0x18 };"
"const uint8_t MASK[16] = { 0x86, 0x7B, 0x1D, 0x42, 0x54, 0x05, 0xA3, 0xAF, 0x93, 0xFC, 0xB5, 0x93, 0x48, 0x3B, 0x18, 0xD7 };"
"const uint8_t FINAL_MASK[16] = { 0x05, 0x12, 0x7D, 0xAF, 0x1C, 0x14, 0x43, 0xA7, 0xA7, 0xBE, 0xC3, 0x3A, 0x17, 0x42, 0x13, 0x89 };"
"const uint8_t MASK[16] = { 0x63, 0x1D, 0xBC, 0xCA, 0x0E, 0xB1, 0xDD, 0x4D, 0xEB, 0xC2, 0xD7, 0x65, 0xAA, 0x34, 0x8C, 0xCE };"
"const uint8_t FINAL_MASK[16] = { 0x3B, 0xA8, 0x4E, 0x95, 0xFD, 0x3F, 0x47, 0x14, 0xE3, 0x8C, 0x72, 0x2D, 0x74, 0xE3, 0x4C, 0x19 };"
"const uint8_t MASK[16] = { 0xDE, 0xFB, 0xA4, 0xE5, 0xC3, 0x5E, 0x63, 0x0C, 0x2B, 0x3C, 0x05, 0x29, 0x3C, 0xD2, 0xEE, 0xBB };"
"const uint8_t FINAL_MASK[16] = { 0x96, 0x46, 0x02, 0xC2, 0xD1, 0x9A, 0x0C, 0x3E, 0xDB, 0xDB, 0x73, 0x99, 0x36, 0xD8, 0xA2, 0x0E };"
"const uint8_t MASK[16] = { 0x07, 0xB6, 0x21, 0x28, 0x60, 0x13, 0x49, 0x30, 0x8A, 0xB8, 0x17, 0xE1, 0xC6, 0x11, 0xD8, 0x6D };"
"const uint8_t FINAL_MASK[16] = { 0xA5, 0x4C, 0x54, 0x8E, 0x81, 0x38, 0x4F, 0x8B, 0x00, 0x0D, 0x63, 0xD3, 0x1D, 0x83, 0x68, 0xBE };"
"const uint8_t MASK[16] = { 0x19, 0x85, 0x55, 0x4E, 0x32, 0x8D, 0x0F, 0x6D, 0xF4, 0x4F, 0x0C, 0x86, 0x73, 0x9B, 0x46, 0x33 };"
"const uint8_t FINAL_MASK[16] = { 0xC6, 0xDB, 0x1B, 0x45, 0x2D, 0x8B, 0x93, 0x98, 0x4C, 0xB6, 0xBD, 0x85, 0x34, 0x2F, 0xD3, 0xAD };"
"const uint8_t MASK[16] = { 0xEF, 0x21, 0x60, 0x23, 0xF1, 0x1D, 0x6B, 0xAA, 0x66, 0x89, 0x49, 0xEA, 0x7E, 0x04, 0xAB, 0x85 };"
"const uint8_t FINAL_MASK[16] = { 0xD5, 0x99, 0xA6, 0x52, 0xCE, 0x34, 0xFD, 0x5F, 0xFD, 0xF6, 0xE4, 0x43, 0xE4, 0x9D, 0x3B, 0x3A };"
"const uint8_t MASK[16] = { 0xB0, 0x11, 0xE5, 0x21, 0x9E, 0x51, 0x52, 0x0A, 0x7D, 0x8C, 0x14, 0x3F, 0x81, 0x48, 0x58, 0x51 };"
"const uint8_t FINAL_MASK[16] = { 0xF7, 0xF8, 0x41, 0x4D, 0x6D, 0x57, 0xFD, 0x16, 0xE6, 0x83, 0xFF, 0x0E, 0x74, 0x0C, 0xDD, 0xCB };"
"const uint8_t MASK[16] = { 0x66, 0x7C, 0xA8, 0x66, 0x4C, 0xCD, 0x0E, 0x31, 0xA2, 0x53, 0xEC, 0x18, 0x41, 0xE1, 0xD9, 0x51 };"
"const uint8_t FINAL_MASK[16] = { 0x29, 0x06, 0x4A, 0x32, 0x8F, 0x92, 0xAD, 0xB3, 0xF4, 0x20, 0x00, 0xAE, 0x01, 0xA6, 0x00, 0x8A };"
"const uint8_t MASK[16] = { 0xDF, 0xD0, 0x64, 0xD7, 0xE6, 0x85, 0xB2, 0x48, 0x58, 0xC4, 0xF5, 0x8A, 0x48, 0xF9, 0xCB, 0x85 };"
"const uint8_t FINAL_MASK[16] = { 0x8E, 0xA4, 0x64, 0xD6, 0x6A, 0xA8, 0x0F, 0x26, 0x49, 0xEE, 0x2D, 0x90, 0x65, 0x81, 0xD1, 0x6B };"
"const uint8_t MASK[16] = { 0xCE, 0x24, 0x5C, 0xBD, 0x1D, 0x7E, 0xAA, 0xF3, 0xCF, 0xD9, 0x9F, 0x10, 0x38, 0x0A, 0xE0, 0x55 };"
"const uint8_t FINAL_MASK[16] = { 0x51, 0x64, 0xBB, 0xF8, 0x5E, 0x9C, 0x69, 0xFB, 0x97, 0xD3, 0xCF, 0xE0, 0x1E, 0x16, 0x04, 0x79 };"
"const uint8_t MASK[16] = { 0x68, 0xFF, 0x08, 0xF9, 0x42, 0x87, 0x5C, 0x86, 0x35, 0x1B, 0x82, 0x21, 0xF7, 0x29, 0xF8, 0xA5 };"
"const uint8_t FINAL_MASK[16] = { 0xAE, 0xB4, 0x98, 0x8B, 0x04, 0xB5, 0x9B, 0x63, 0xEA, 0xA5, 0x3A, 0xDF, 0x41, 0x83, 0x7E, 0x1C };"
"const uint8_t MASK[16] = { 0xDA, 0x54, 0x0E, 0xF9, 0xAD, 0x42, 0x68, 0x57, 0x9F, 0x5C, 0x03, 0xA9, 0x18, 0x67, 0x41, 0x7D };"
"const uint8_t FINAL_MASK[16] = { 0xAB, 0x4B, 0x35, 0x8A, 0xB1, 0xB5, 0x9A, 0x83, 0x4C, 0x07, 0xB1, 0xD3, 0xAC, 0xA7, 0xEE, 0xDA };"
"const uint8_t MASK[16] = { 0xBF, 0x6B, 0x69, 0xFB, 0x25, 0x93, 0xC5, 0x7D, 0xCF, 0x11, 0x91, 0x1F, 0x77, 0x4D, 0x0B, 0x2A };"
"const uint8_t FINAL_MASK[16] = { 0x20, 0x94, 0x50, 0x33, 0x25, 0xFC, 0xBB, 0x71, 0x4C, 0xC5, 0xE8, 0x24, 0x2E, 0xD6, 0x30, 0x3D };"
"const uint8_t MASK[16] = { 0x6A, 0x80, 0x69, 0x73, 0x30, 0x80, 0x9A, 0x1E, 0xC8, 0xCF, 0x21, 0x5A, 0x1C, 0x16, 0xCF, 0x4A };"
"const uint8_t FINAL_MASK[16] = { 0x91, 0x31, 0x9E, 0x24, 0x20, 0x0A, 0xBB, 0xAF, 0xC7, 0x70, 0xB8, 0xDE, 0x61, 0x7D, 0xD8, 0x6D };"
"const uint8_t MASK[16] = { 0x6F, 0x61, 0x9C, 0xB2, 0x9F, 0x16, 0x18, 0x77, 0x1B, 0xCD, 0x06, 0x47, 0x56, 0x65, 0x36, 0x68 };"
"const uint8_t FINAL_MASK[16] = { 0xC3, 0x58, 0xD8, 0xA1, 0x47, 0x51, 0xAA, 0xF8, 0x5C, 0x01, 0x56, 0x36, 0x7D, 0xAC, 0xFA, 0x3A };"
"const uint8_t MASK[16] = { 0x4C, 0x18, 0x80, 0xA9, 0x9F, 0xDD, 0x8A, 0x46, 0xE2, 0xD0, 0xCA, 0x4D, 0xC8, 0x2C, 0x52, 0xB3 };"
"const uint8_t FINAL_MASK[16] = { 0x39, 0x6D, 0xD7, 0xD4, 0xF6, 0xDD, 0x69, 0x9F, 0x32, 0x56, 0xE4, 0x7E, 0xA9, 0x1F, 0xF1, 0x37 };"
"const uint8_t MASK[16] = { 0x90, 0xB4, 0x8F, 0x00, 0xF9, 0xBE, 0x7E, 0x65, 0xDC, 0x9A, 0xA8, 0x27, 0x08, 0x1F, 0xDE, 0x8E };"
"const uint8_t FINAL_MASK[16] = { 0x24, 0xDF, 0x59, 0x26, 0x02, 0x9F, 0xA5, 0xAC, 0xCC, 0xB6, 0xAC, 0xEB, 0x7F, 0xC8, 0xE6, 0xBD };"
"const uint8_t MASK[16] = { 0x60, 0x0B, 0xFD, 0xCF, 0x0B, 0x47, 0xDD, 0xFE, 0x32, 0x01, 0xBF, 0xC0, 0x6F, 0x3B, 0x26, 0x39 };"
"const uint8_t FINAL_MASK[16] = { 0xF4, 0xEC, 0x24, 0xFA, 0x22, 0x59, 0x29, 0x65, 0x82, 0x48, 0x88, 0xDD, 0xE1, 0xEF, 0x77, 0xC4 };"
"const uint8_t MASK[16] = { 0xB5, 0xC4, 0x4A, 0xAC, 0xA7, 0x67, 0xB2, 0x4B, 0x98, 0xDC, 0x64, 0x9A, 0x37, 0xE1, 0x1D, 0x82 };"
"const uint8_t FINAL_MASK[16] = { 0x32, 0x32, 0x98, 0xD4, 0x09, 0x42, 0x04, 0xD2, 0x43, 0x27, 0x60, 0xAC, 0x18, 0x78, 0xF6, 0x32 };"
"const uint8_t MASK[16] = { 0x5D, 0xA4, 0x95, 0x18, 0x39, 0xFF, 0x49, 0x7C, 0x5D, 0x43, 0xFC, 0x76, 0xD9, 0x0E, 0x64, 0x03 };"
"const uint8_t FINAL_MASK[16] = { 0x7A, 0x4F, 0xB0, 0x4E, 0xB1, 0xB9, 0x77, 0x32, 0x05, 0xF4, 0xF0, 0xDE, 0x2A, 0x05, 0x61, 0x3E };"
"const uint8_t MASK[16] = { 0xED, 0xB3, 0xFC, 0x48, 0x63, 0x18, 0xAD, 0xFB, 0x54, 0xC2, 0xC6, 0xEF, 0x90, 0x43, 0xAB, 0x45 };"
"const uint8_t FINAL_MASK[16] = { 0x58, 0x29, 0x0A, 0x25, 0x0D, 0xD8, 0x92, 0x88, 0x4E, 0xC8, 0xCE, 0x8B, 0xEA, 0x3D, 0xA6, 0x86 };"
"const uint8_t MASK[16] = { 0x28, 0x66, 0x4F, 0xCF, 0x6C, 0xC1, 0xCB, 0x42, 0x36, 0x5F, 0x91, 0xD8, 0x19, 0x43, 0xE2, 0xC7 };"
"const uint8_t FINAL_MASK[16] = { 0xAD, 0x10, 0xE0, 0xBE, 0x85, 0xB4, 0x92, 0x0E, 0xB7, 0x13, 0xCD, 0x90, 0x6D, 0x7E, 0x1C, 0x56 };"
"const uint8_t MASK[16] = { 0x8B, 0x52, 0xB2, 0x2B, 0x7E, 0x1D, 0x70, 0x37, 0xCF, 0xDD, 0x5F, 0x03, 0x0C, 0x62, 0xD6, 0xC0 };"
"const uint8_t FINAL_MASK[16] = { 0x9A, 0x60, 0x87, 0xF2, 0x7F, 0xAB, 0xEA, 0x51, 0xFE, 0xC7, 0x6C, 0xB9, 0x38, 0x9A, 0x85, 0x3F };"
"const uint8_t MASK[16] = { 0x40, 0xE0, 0x00, 0xA9, 0xD1, 0xEF, 0x62, 0x04, 0xC1, 0xBF, 0xB6, 0x61, 0x33, 0x11, 0x84, 0x72 };"
"const uint8_t FINAL_MASK[16] = { 0xFA, 0xB1, 0xBB, 0x1A, 0xC7, 0x2C, 0x8E, 0x78, 0x24, 0xAE, 0x7E, 0xBD, 0xC9, 0x13, 0xDD, 0x28 };"
"const uint8_t MASK[16] = { 0xC1, 0x2D, 0xCD, 0xBA, 0xB4, 0x29, 0xE0, 0x95, 0x4A, 0x84, 0x6F, 0xB8, 0x42, 0xB3, 0x1A, 0xDA };"
"const uint8_t FINAL_MASK[16] = { 0x45, 0xE4, 0x47, 0xF9, 0x27, 0xC3, 0x19, 0x3D, 0x41, 0x70, 0x3F, 0x71, 0xD3, 0x7B, 0x0B, 0x03 };"
"const uint8_t MASK[16] = { 0x12, 0xD7, 0xFC, 0x78, 0xC7, 0xE5, 0xDE, 0xBB, 0xEC, 0xC9, 0xE3, 0xFD, 0xD2, 0xC9, 0xD4, 0x28 };"
"const uint8_t FINAL_MASK[16] = { 0x2F, 0x83, 0xA8, 0xA7, 0xC2, 0x07, 0x48, 0x3B, 0x6D, 0x95, 0xDB, 0x30, 0x91, 0x3D, 0x82, 0x56 };"
"const uint8_t MASK[16] = { 0x4E, 0xCD, 0x43, 0xCA, 0xF9, 0x33, 0x8B, 0x88, 0x4C, 0xAB, 0xAC, 0xDE, 0x1E, 0x32, 0xAB, 0x35 };"
"const uint8_t FINAL_MASK[16] = { 0x77, 0x4D, 0xE5, 0x41, 0xB2, 0xCD, 0x88, 0x86, 0xDF, 0xFB, 0xA8, 0x90, 0x12, 0x22, 0x1D, 0xF3 };"
"const uint8_t MASK[16] = { 0xDF, 0xEC, 0x8C, 0xE4, 0x82, 0xB2, 0x0C, 0x6F, 0x58, 0xCA, 0x3D, 0x7E, 0x66, 0x99, 0x44, 0x70 };"
"const uint8_t FINAL_MASK[16] = { 0x33, 0x5C, 0x62, 0x21, 0xE5, 0xEA, 0xB1, 0x4A, 0xB8, 0xC8, 0xDF, 0x5F, 0x75, 0x6A, 0x12, 0xCD };"
"const uint8_t MASK[16] = { 0x72, 0xDC, 0xCD, 0x2A, 0xA3, 0x33, 0xE4, 0x46, 0x42, 0x74, 0x4F, 0x78, 0x13, 0x37, 0x94, 0x63 };"
"const uint8_t FINAL_MASK[16] = { 0x57, 0xBE, 0x37, 0x45, 0x96, 0x16, 0xBF, 0x86, 0x7C, 0x6A, 0x6D, 0xB9, 0x70, 0xD4, 0xFD, 0xAF };"
